Title,Score,ID,Created
Kevin Hart discovering what gifted subs are on Kai Cenatâ€™s Twitch stream is actually hilarious,21602,1czo20x,1716566086.0
"Drake texted Kai Cenat during the beef to tell him to â€œStay on streamâ€ to react to his diss to Kendrick Lamar

Now he includes Kai Cenat in Federal Documents complaining about Kai reacting to a diss record.",18262,1i2akqj,1736982485.0
CS Student at my university made this,16448,1h4ulfn,1733144973.0
Ajshhbyaovrisqyegdjjdiwpzxnpqnchiwoa clejqlbxuduekdbchaonfpdhen,16100,1hi8n0i,1734658185.0
bros still dragging it ğŸ’€ğŸ˜­,14707,1fvjqws,1727993477.0
Kai cenat got blocked by drake ğŸ˜‚,13983,1cmlaqh,1715112520.0
"Kevin Hart discovering what gifted subs are on Kai Cenatâ€™s Twitch stream is actually hilarious
",13444,1cznf66,1716564434.0
cheese string,11698,1hkb051,1734911246.0
How will this affect our understanding of the universe?,10647,1ikaeut,1738974800.0
Kai Cenat Says He Is Playing Bloodborne To Convince Sony For A â€œRemaster Or Remakeâ€,10188,1ejw4xp,1722780570.0
Ironmouse dethrones KaiCenat and is now the #1 all-time most subscribed Twitch streamer,10169,1ft3wnd,1727723667.0
"After receiving backlash for lying about the Super Bowl crowd noise, Kai Cenat has deleted his reaction.",9782,1iojih6,1739454810.0
T-Pain runs into Kai Cenat at the airport,9433,1isticx,1739929036.0
Kai Cenat beats Malenia after 432 deaths and 30 IRL hours,8223,1ctuja1,1715912818.0
No way he's still talking about this : ğŸ’€ğŸ’€ğŸ’€ğŸ’€,8064,1fv53q7,1727953636.0
I feel like this is a unhinged view point,8019,1ifsl1o,1738483699.0
Harvard called ğŸ¥¶,7877,1ibkvwa,1738013908.0
"Jack Doherty donates 300 subs as Kai Cenat implies they might collaborate, only for Kai to mock him and say he'd never work with him",6099,1gpmxbv,1731424378.0
rule,5885,1hgng8c,1734476578.0
ğŸ´ğŸ“¡,5712,1h3i40u,1732989103.0
I made a brainrot version of Python,5484,1h53a03,1733167446.0
Anon's not even close to baseline,5462,1cfvqoj,1714386561.0
Kai cenat save usğŸ’”,5404,1ijx975,1738941293.0
ironmouse has passed Kai Cenat as the most subscribed twitch streamer (all time),5343,1ft410n,1727723958.0
Kai cenatâ€™s message for cory,4883,1dr7l5k,1719654218.0
valid take or nahâ‰ï¸â‰ï¸â‰ï¸â‰ï¸,4846,1ibul1p,1738042224.0
Kai Cenatâ€™s masseuse refused to continue the session after his chat kept s*xualizing her,4836,1gvredo,1732114776.0
ğŸ¥¶ğŸ¥¶ğŸ¥¶ğŸ¥¶ğŸ¥¶,4817,1ice0q3,1738102607.0
Classic from software effect ğŸ™,4725,1cyphz4,1716459876.0
android emoji ,4548,1gbhmq9,1729815891.0
BRUH THERE IS NO FUCKING WAY HE IS THIS STUPID,4247,1i2rc5c,1737041097.0
Yall agree?,4073,1hp8b2q,1735512915.0
Did they actually give ban perms to content creators before any notable pros or analysts?,3913,1hnqtm8,1735338578.0
this can be our chance !!!,3851,1egy6zb,1722459404.0
"Ludwig blowing the 100,000K find me stream by raising subs for Kai Cenat is rubbing me the wrong way.",3830,1gzx8x2,1732577072.0
20 hours for Godrick is CRAZY,3701,1cqeu4u,1715539573.0
this ts shi gotta be the worst headline of all time ğŸ˜­ğŸ˜­ğŸ˜­,3609,1isr6gf,1739922769.0
Is it just me or does JJ lowkey look like Kai Cenat here?,3607,1fvfygi,1727983549.0
Kai Cenat wearing a Cherry Bomb belt in his Billboard photoshoot,3515,1ibv4wg,1738044357.0
No way Ye just DMed me,3409,1bgakjc,1710608144.0
Kevin heart roasts Kai Cenats Hairline ,3088,1gvgmxb,1732074547.0
New brainrot programming language just dropped,3090,1h4oga8,1733119747.0
Kai Cenat finally beats Elden Ring after a 166 hours livestream,3049,1cug208,1715979316.0
Anon meets his hero,2901,1iqqwxc,1739707844.0
welcome back william,2894,1gtdhfm,1731849895.0
Kai Cenat in an interview says â€œKendrick won the battleâ€ and the crodie blocked him,2813,1ibi0iy,1738006890.0
Kai Cenat claims he was approached to help with a political campaign by the Secret service,2793,1em1axu,1723000169.0
This shit is pathetic ğŸ˜­,2792,1fv43p8,1727949494.0
1 year,2775,1gycm15,1732403478.0
Kai Cenat's opinion on Elden ring upon finishing it,2679,1cugpgj,1715981034.0
KaiCenat's security goes off on a Disneyland employee who is trying to help,2573,1gt3v2d,1731811585.0
Kai Cenat is SKEPTICAL of string theory ,2570,1hft44c,1734382069.0
Kai Cenat ends his Mafiathon 2 with 723k subscribers,2524,1h3ow29,1733007813.0
Kai Cenat meets Ye,2488,1igac5j,1738537211.0
ğŸ…±ï¸,2346,1id14v4,1738176197.0
ironmouse has passed Kai Cenat as the most subscribed twitch streamer (all time),2326,1ft41wk,1727724016.0
How dare he not playthrough optional content!,2282,1ekcsw2,1722825049.0
This is how the law works. It doesnâ€™t apply when you wear a plastic badge. This guy should be in prison for life. But no little slap on the wrist for 100lbs of fentanyl.,2247,1iiq1un,1738803165.0
Dont worry I asked my black friend to make this meme for me.,2207,1icq9r4,1738143969.0
Kai Cenat and Chris Brown just did a dance battle against each other ğŸ˜­,2205,1gx347m,1732263574.0
Kevin Hart singing Not like us on Kai Cenats stream,2163,1dd4lj7,1718076631.0
Look what I found,2131,1g7i2ey,1729370130.0
Blud needs a textbook deal,2114,1ieut06,1738372380.0
this is worse then what theyâ€™ve done to character ai,2024,1e9h7hw,1721662345.0
rule,2015,1ibvq7h,1738046792.0
Kai Cenat & Speed Finally Beat Minecraft Hardcore After 106 Hours,1960,1eyeqy3,1724317929.0
Chat is he cooking?,1934,1iennm1,1738353306.0
Ye calls out Kai Cenat,1930,1bfyq63,1710566370.0
Kai Cenat repeatedly misgenders Ava while giving his opinion on her actions,1901,1ebu5o3,1721912062.0
Update: special guest is Kai Cenat,1890,1dt4ln6,1719869268.0
xQc says Kai Cenat should have been banned by Twitch,1890,1h0zw37,1732696870.0
In b4 he changes his mind,1868,1ie04zy,1738277848.0
Valid take or nah? W or L?,1858,1iccbyv,1738098382.0
Rule,1841,1gzgh8v,1732533106.0
"The voice actor of CJ, Young Maylay, delivered his iconic line on Kai Cenatâ€™s stream ğŸ”¥",1827,1gq6vk7,1731479955.0
my father taught me how to drink and drive,1825,1dhce56,1718558328.0
hood's only PhD,1805,1iezutb,1738389425.0
Bro needs a professorship,1781,1ieey5p,1738330668.0
Kai Cenat Calls Out xQc,1706,1hizisk,1734746033.0
It's so damn painful,1689,1ejym5k,1722787217.0
"They forgot it was lil bro, Ludwig's idea ",1688,1h0c64w,1732628606.0
Do you think From's next title will be as mainstream as Elden ring has become ?,1686,1cuaxcr,1715966503.0
"Hasan orbiter Denims, who valiantly came to his defense by agreeing that streaming is a hard job, literally just watching Avatar: The Last Airbender on an alt account for hours on end",1650,1bsojh6,1711928170.0
Soda has a question after tuning into KaiCenat's stream,1633,1dlgl7f,1719009117.0
This Video might be 1 hour long,1620,1d919ka,1717622524.0
Ye says Kai Cenat is a industry plant,1616,1cardpc,1713833540.0
"Once again, congrats pedro!",1607,1gd5jti,1730013862.0
This guy is the worldâ€™s smartest man.,1585,1ic0bfn,1738066861.0
"I got to take a trip to Bandai Namco US Office, I just wanted to share my photos of all the cool From stuff they had there!",1582,1iomjwb,1739463056.0
Kai Cenat played Not Like Us in front of 50k right now and everyone vibing he plays Family Matters everyone start putting L in chat and he put another song ğŸ˜‚ğŸ˜‚,1577,1cpje8y,1715439621.0
KaiCenat dethrones Ironmouse and is now the #1 all-time most subscribed Twitch streamer,1572,1gpccrr,1731384866.0
Man I hate twitter,1567,1fy4i85,1728297358.0
Holy Rekky?!,1552,1hozmfs,1735489945.0
John Cena appears on Kai Cenat's stream ( Can't see him in this clip tho ) ,1531,1g33zol,1728865989.0
IronMouse Converts KaiCenat Into A VTuber,1523,1h34d6u,1732940338.0
Travis Scott calls Kai Cenat on stream and says he wants to do a 24 hour stream in London ğŸ‡¬ğŸ‡§,1504,1dmp72t,1719157903.0
Vtubers - A Lesson on Gatekeeping,1504,1ixfztp,1740438591.0
Kai Cenat CALLS MATH CAP.,1498,1inkelk,1739340427.0
"The kid who gifted 2350 subs for kai cenat is back on an alt and gifted 1150 subs for caseoh, W credit fraud",1492,1f7ck2p,1725298157.0
Kai Cenat joins the cause,1485,1egyrm2,1722460769.0
What deji was expected to do for 1M,1482,1hwn9yj,1736351496.0
Kai Cenat Promoting Gambling During His Subathon,1470,1gskdy0,1731752136.0
kai cenat,1467,1ihlv7n,1738687056.0
Chat is this real?,1464,1ibme6z,1738017635.0
"Yes, this is in response to the Kai Cenat stream",1457,1ek6pmh,1722807608.0
"we did it, Joe! ",1429,1ewj3gt,1724117169.0
Who got more bread Tyler or Kai Cenat,1423,1ifm7bn,1738460601.0
"""Brother, if you want to be so Fanum Tax and Skibidi like Duke Dennis from Ohio, you need to stick out your gyat for the greatest rizzler that is yours truly. Everybody knows that the Vanguard is Kai Cenat- Baby Gronk even. Transmat firing""",1402,1bg72ra,1710598619.0
I WILL donate money to Kai Cenat if this happens,1395,1ei3dhi,1722581259.0
kai cenat confirmed r/linguistics user,1376,1icg4l8,1738108119.0
Bro is damn well not 6'3,1372,1irweeq,1739830123.0
Holy hell I can't un see it,1370,1cllm5x,1715008712.0
HOLY MY GOAT,1362,1ibwtxa,1738051754.0
Ye beefing w Kai is crazy ğŸ˜­ğŸ˜­ğŸ˜­ we in the weirdest timeline ever ,1360,1bfyqqy,1710566427.0
Kai Cenat says he was inspired by Ironmouse,1331,1gyqtc8,1732454467.0
words of wisdom (LeBron james),1327,1icwn0a,1738165265.0
Ludwig (from video games) collaborated with Kai Cenat on a find them for 100k stream. His subreddit was not happy.,1312,1h0rt0e,1732668495.0
SZA confirms on Kai Cenatâ€™s stream that her new album will be out before the year is over,1310,1gyhue6,1732419481.0
i cant stand this bitch ğŸ˜­,1292,1ecsnwv,1722011979.0
YE STORY,1285,1hzn1vz,1736689777.0
just applied for a job! do you think theyâ€™ll hire me?,1270,1bfoa3s,1710536166.0
KAI X YE STREAM TONIGHT ğŸ”¥ğŸ”¥ğŸ”¥,1243,1hfuwgz,1734386561.0
Twitch Staff Back at it Again,1240,1gpvtuw,1731446402.0
Kai cenat's friend DeshaeFrost s*xually harrased someone sister and gets pressed by brother,1226,1itf2qj,1739995413.0
Kai Cenat in TEARS and confirms the messages between his camera man and the MINOR were REAL..ğŸ˜³â€¼ï¸,1211,1egbz0m,1722392797.0
A dream come true,1193,1bmxfpl,1711319230.0
My l4d1 and 2 cast. Best cast ever hands down chat ,1168,1fe61uk,1726047262.0
Bill Nye and Kai Cenatâ€”the worldâ€™s biggest Twitch streamerâ€”throw some discs,1152,1gv9yze,1732055450.0
Rule,1155,1hum96d,1736124046.0
We need a brainrot iceberg,1145,1ce25j8,1714180517.0
blursed_search history,1147,1dykkfu,1720473799.0
Chat is this real?,1145,1id58sd,1738186320.0
Is he spitting or nah?,1096,1izljuk,1740677997.0
"Most famous worldwide according to google between speed,Kai and Ksi in the last 12 months ",1053,1e3qu8o,1721036947.0
Is he cooking ?!,1043,1iehwvg,1738338946.0
Malenia Statue sent by Bandai Namco for Kai Cenat,1041,1dga1bn,1718426448.0
"I'm from the future, this is what happens to Holloway's career after he got slept by Ilia Topuria",1035,1galmtf,1729718196.0
"The voice actor of CJ, Young Maylay, delivered his iconic line on Kai Cenatâ€™s stream ğŸ”¥",1024,1gq6ww6,1731480110.0
Kai Cenat announced stream with Uzi ,1024,1ggqr9n,1730413407.0
Kai Cenatâ€™s thoughts on Ironmouse beating Kai's sub record,1017,1fth2qi,1727762018.0
"Twitch Partner ""KaiCenat"" has been unbanned after 6 minutes and 35 seconds!",1010,1gibqk1,1730596904.0
Kai Cenat asks Cinna's chat for the clip,1002,1f49nkn,1724955916.0
Kai Cenat exposes the NFL for adding crowd noise to Kendrickâ€™s Super Bowl halftime show stream,990,1ini8nr,1739332695.0
Kai Cenat Gets 2350 Gifted Subs From a Kid,989,1exdirw,1724205191.0
[Rap/Hip-Hop] The Drake-Kendrick Lamar Feud: Acts Two & Three,983,1e59zdu,1721192983.0
Trainwreckstv Says Kick Didn't Offer Kai Cenat $60M for His Subathon,980,1gpnalz,1731425351.0
The Ye text is 2 hours old,948,1htzs26,1736059313.0
John Cena speaks on what makes him happy and having a purpose in life on Kai Cenatâ€™s Twitch livestream.,942,1g381t6,1728879934.0
"Yearly Hifumi 7, Wake",931,1e62g4h,1721275891.0
New programming language just dropped,922,1h4ofju,1733119667.0
i hate memesopdidnotlike,918,1hdsfc0,1734141803.0
Bro is so rent free lmao (time for another slop video),901,1fv8rau,1727964873.0
travis on kai cenats phone,880,1dn0r5i,1719189467.0
This skibidi's my Ohio toilet nathaniel B ,879,1cjur3e,1714807884.0
Imagine if a extremely popular creator were to play lbp ,874,1ewfeqy,1724107094.0
Found this in class,871,1fq9qxz,1727392256.0
BILLIE EILISH X KAI CENAT? What do u think,865,1ijv9xc,1738935811.0
NEW ALBUM NEWS ğŸµğŸµğŸµ,863,1hgc4xj,1734446692.0
John Cena gives a motivational speech on Kai Cenatâ€™s livestream,861,1g38uy8,1728883348.0
Ban Kai Cenat!!!,861,1ejrkgf,1722764919.0
Sally made it,844,1iqqfz2,1739705867.0
RDC made it to the OPP list ,840,1i23qfa,1736964746.0
Magician Max Major Just CHOKED Himself On Kai Cenat's Stream ,832,1h0x47f,1732685487.0
camed?,827,1ifgwqw,1738445381.0
Bro Kai Cenat liked V2 and not even he fw the new lil baby ğŸ’€,827,1hsnshq,1735914908.0
zzzzzzzzzzzzz (im too tired for this and i do not wanna give them any more attention),823,1h5wwp9,1733256867.0
How it feels to watch NL ,808,1ewvm5y,1724160622.0
"Even Andre is confused about the award not going to Steph. Just as a reminder, Steph averaged 26/5/6 in that series, which included 37/7/4 in a crucial game 5 and received 0 votes...",804,1gtzzt1,1731917352.0
I hope Kai Cenat confronts Ye about AI,801,1hzt4xc,1736706258.0
Why is kai cenat skipping man ham origin? Is he stupid?,757,1hlx7gp,1735116981.0
he just keep spittin wtf,746,1ice28h,1738102713.0
Please be civil about the MGOTY winner,740,1hd4ejt,1734064266.0
"Noway, Kai cenat x Zy0xxx???",732,1f9rx2h,1725556716.0
Shit posting daily until I reach a 365 day streak: Day 29,726,1cbe5xe,1713902111.0
â€œOh yeah Iâ€™ll see you in 9 monthsâ€,724,1d0rn9l,1716690755.0
I ainâ€™t smokin that Dogpack no more. ,716,1en27gg,1723111907.0
Album coming April 11th (via Kai Cenat),716,1i0un73,1736818459.0
"Lil Durk is dropping an album featuring Sabrina Carpenter, IShowSpeed, and Kai Cenat. Executive produced by Rod Wave",711,1ftvwfc,1727808863.0
Your brainrot has: kai cenat reaction,709,1cm5vbm,1715065864.0
I made a brainrot version of Python,714,1h4olfj,1733120303.0
[Rap/Hip-Hop] The Drake-Kendrick Lamar Feud: Act Nine & Epilogue,707,1eno9z7,1723170031.0
Ye invited Kai Cenat to Japan,688,1hzbqvd,1736646167.0
Checkmate music theory nerds ,684,1hktrd1,1734977703.0
"Why did the French allow a guy as tall as Kai Cenat get 7 rebounds, are they stupid?",679,1egoufv,1722436758.0
"HeÂ´s finally playing. But his Unmotivation to play the game is so visible, its hilarious. he also stops every now and then in order to play Mafia on his mobile phone. Quick,  get the rug, who knows how long this forgbrain is going to play the game. I will be using the rug only to insult ppl ingame",667,1gq7fdo,1731482302.0
"KAI CENAT JUST PRESSED PLAYBOI CARTI TO DROP THE ALBUM ON NATIONAL TV + 200,000 VIEWERS ON TWITCH ğŸ˜­",657,1igb9rd,1738539752.0
Dougâ€™s New Zealand Meetup,647,1fu759x,1727840251.0
×“×•×¨ ××œ×¤×_×‘×,643,1eplu0o,1723385840.0
"My token 5""5' moid friend's standards for a gf",638,1g7fuz5,1729363997.0
FINALLY SOMEONE DEMANDED THAT HE PLAY (KaiCenat),634,1gpwl1o,1731448308.0
Kai officially part of rollout now ,637,1hzbql5,1736646144.0
Big if trule,629,1imoig8,1739242284.0
Popular streamer kai cenat announced the games he is gonna play on his next few marathons and he announced on of those games is bully!!!,629,1cyk1kd,1716437652.0
Visionary,621,1hp1be2,1735494405.0
Guys how big is this for beyblade?,617,1i9v5er,1737834132.0
Just got this Rizzan ThreeSkibidiZesty for a trading price of a $19 FanumTaxNite gyatt card. What do y'all looksmewmaxxing Kai Cenat boykisser Prime Hydration femboys think?,609,1dkuxoq,1718942445.0
Thoughts?,612,1gxag74,1732289445.0
If you told me Kai Cenat would be a better gamer than Asmongold last year I would have laughed at you..,602,1dmakv4,1719105128.0
My condolences to spongebob:,604,1hqzdss,1735722291.0
Kai Cenat says Drake is the better artist ğŸ‘€,604,1ioje1k,1739454439.0
Is WHAM too intellectual for gen z? ,603,1i2i85d,1737006515.0
Can he be the one to Bring Bloodborne to PC,599,1ek7etq,1722809455.0
Rizzpocalypse.. Please make it stop ğŸ˜­ aww,598,1ezdza3,1724422839.0
BULLY INFO MEGATHREAD,592,1i5xn11,1737398921.0
Who are you mogging to right now?,582,1c8784g,1713559015.0
Alternate-universe Wubby if he was bad at Elden Ring,579,1dp6id7,1719428379.0
Chris Brown tried teaching Kai Cenat how to sing â€œLet Me Love Youâ€ by Mario and ended up calling him tone deaf ğŸ˜­ğŸ˜­,576,1gx44ic,1732268221.0
Can the hype motivate Rocksteady to develop a Next Gen patch?,574,1hl1gfb,1734999976.0
Bully preview soon,561,1htvs25,1736045537.0
Kai Cenat has a Fousey-style â€œWait how old are youâ€ moment,564,1epj803,1723377947.0
Kai cenat wearing reps,558,1fz167f,1728397802.0
All the comments on the Kai Cenat among us video just saying how goated ChipFat is,557,1fgutcm,1726344622.0
Connecting Jack to Kim Jung-Un,549,1fmq96h,1727001286.0
Kai Cenat was left speechless after hearing what NPC Miles Morales said,549,1gyvxs0,1732468298.0
"Kai Cenat, Sketch, and AMP Assemble the Reload Squad | Fortnite Reload Teaser",539,1dlht93,1719012578.0
Will Smith fixes Kai Cenat's tie,536,1ih1db3,1738620067.0
Ironmouse Congratulates KaiCenat For Beating Her Subathon Record,532,1gppu93,1731431724.0
"I got C6 in chinese, what do I do now",527,1i5qm7d,1737381203.0
U have got to be kidding meâ€¦,529,1gqc9to,1731502673.0
He's got a point,525,1ic8n36,1738089428.0
Kai Cenat Batman Arkham Marathon trailer!,525,1itmwwn,1740015852.0
Kai Cenat was seen wearing Ken Carsonâ€™s chain ,527,1eqjlvq,1723483279.0
This guy man ğŸ˜­,512,1iniu5z,1739334752.0
Iron Maiden if they were good,505,1bp0ry8,1711542914.0
Nah this nigga got it broğŸ˜­ğŸ˜­,507,1g9y55i,1729645136.0
"Chris Brown reveals that he's in multiple relationships at the same time right now, with multiple womenğŸ“

(via Kai Cenat's stream)",510,1gz87qc,1732500960.0
Bottom comment is how I feel about all those allegations people were making about Drake,504,1di86ii,1718656315.0
Kai Cenat Covers Billboard Magazine,488,1ibb83y,1737990516.0
Nardwuar drops the best heartfelt motivational speech on Kai Cenatâ€™s stream â¤ï¸,483,1gyyy63,1732475830.0
I have laid witness to horrors beyond my comprehension.,481,1cencxg,1714247743.0
Guys!! Could he be the chosen one and have sony do a remake???,477,1ehtte5,1722551401.0
Best female streamer real,479,1hrggxb,1735776364.0
For the people asking why xqc loves to ride drakes meat ,475,1cmyhwb,1715152324.0
Thot exposes Kai Cenat..bro said he taking it to court ,475,1c42flo,1713124319.0
Fun times!,469,1bl16df,1711119259.0
Outjerked once again by the Celebrity All Star roster,467,1ip0ufl,1739501803.0
Is it just me or Leth is acting really ğ“¯ğ“»ğ“®ğ“ªğ“´ğ”‚ lately?,465,1go773d,1731263184.0
ğŸ”¥ğŸ”¥ğŸ˜‚ğŸ˜‚,470,1d02q37,1716607044.0
Kai Cenat 100+ HOUR ELDEN RING FIT CHECK,465,1dlgnk8,1719009305.0
