Tweet_count,Username,Text,Created_At,Retweets,Likes
1,NetKlips,Kai Cenat under fire for walking in on his 16 year old friend while he uses the restroom ğŸ˜³ https://t.co/1suLIm71Cr,Thu Mar 13 00:12:15 +0000 2025,0,5
2,ADredemptionSZN,The worst thing Kai cenat ever did was give zoe clout. Iâ€™m tired of seeing that loud ass girl,Thu Mar 13 00:16:32 +0000 2025,0,3
3,InternetH0F,T-Pain runs into Kai Cenat at the airport ğŸ˜‚ ğŸ˜‚ https://t.co/h5sBLtNtAX,Wed Mar 12 13:00:58 +0000 2025,941,32351
4,DiscussingFilm,"A new State Farm commercial takes place in Gotham City, starring:

â€¢ Jason Bateman as Bateman
â€¢ SZA as Catwoman
â€¢ Kai Cenat as Kai Cenat
â€¢ Jordan Howlett as James Gordon https://t.co/KLpyHplFCf",Wed Mar 12 13:02:30 +0000 2025,8634,126410
5,positivesideofx,"Kai Cenat, God bless you man! âœŠâ¤ï¸ https://t.co/i8wHJmiNsW",Wed Mar 12 20:06:55 +0000 2025,691,14580
6,kiIImove,Niggas called me crazy when I said Kai cenat was the new age p diddy https://t.co/mrjaGoP0pG,Wed Mar 12 23:43:47 +0000 2025,0,2
7,dcuworld,"State FarmÂ® and DC have released a new Batman-inspired commercial!

It features Kai Cenat, SZA, Kevin Miles, Jordan Howlett, and Jason 'Bateman'.
https://t.co/js2VHXrTqb",Wed Mar 12 11:32:58 +0000 2025,577,6136
8,Jiz,Why did Kai Cenat do this?? This is actually disgusting. I hope Nike &amp; Twitch see this also Rakaiâ€™s mother needs to take him away from them. https://t.co/6mmM2eht8T,Wed Mar 12 23:21:27 +0000 2025,30,1214
9,TeddysHumPillow,My whole timeline is kai cenat slander https://t.co/S34RnuRY1l,Wed Mar 12 23:50:20 +0000 2025,0,12
10,NFL,"Team Speed vs. Team Kai's flag football game was absolute cinema ğŸ”¥

@ishowspeedsui | @KaiCenat https://t.co/rne2dttUA9",Wed Feb 12 19:00:01 +0000 2025,41,775
11,sixinchbeys,the concept of using kai cenat skincare products,Wed Mar 12 03:44:00 +0000 2025,1527,38665
12,Kick_Champ,Kai Cenat walked in on a 16 year old in the bathroom and posts it onlineâ€¦ wild behavior ğŸ˜³ https://t.co/T6DR4uTHBE,Wed Mar 12 23:40:27 +0000 2025,14,528
13,scubaryan_,"Lil Rodney Son says ever since Kai Cenatâ€™s Batman marathon, people have been walking up in public and trolling him about his dad ğŸ˜­ https://t.co/z3qxlKYI96",Tue Mar 11 16:35:02 +0000 2025,830,31136
14,nicekicks,Jake from State Farm hopped on Kai Cenatâ€™s stream and gifted him a pair of Nigel Sylvesterâ€™s â€œBrick-by-Brickâ€ Air Jordan 4s ğŸ§±ğŸ”¥ https://t.co/i7ouSukovI,Wed Mar 12 02:15:48 +0000 2025,25,352
15,realdrankk,Kai Cenat receiving backlash after walking in on Rakai who is a minor and filming him while he was â€œusingâ€ the bathroom https://t.co/xcu5yDoBGU,Wed Mar 12 23:24:42 +0000 2025,5,302
16,Haufkaf,"""I just made 700 thousand sitting in a room feel like im Kai Cenat""

- Tory Lanez on Mawa Interlude https://t.co/ywPXVJoL7v",Fri Mar 07 05:26:08 +0000 2025,43,465
17,scubaryan_,"Kai Cenat has announced and confirmed that him, Kevin Hart, and Druski have something â€œVERY HUGEâ€ coming soon ğŸ‘€ğŸ”¥ https://t.co/GKIxkOWwh3",Wed Mar 12 04:48:00 +0000 2025,154,8776
18,consequence,"Jason Bateman, SZA, Will Arnett, and Kai Cenat star in an absolutely bonkers Batman spoofing that doubles as a commerical for State Farm â†’ https://t.co/ylESfV0pQE https://t.co/pgtopovoBl",Wed Mar 12 17:23:16 +0000 2025,2,12
19,TheClipBot,Kai Cenat was trynna aura farm but Agent ruined it ğŸ˜‚ğŸ˜­ https://t.co/C1qEE0xmOC,Wed Mar 12 03:36:16 +0000 2025,101,6316
20,GWAFUTURE,Kai Cenat might be canceled for this one ğŸ’€ (Raikai toilet clip) https://t.co/LPQW8HceYE,Wed Mar 12 23:29:26 +0000 2025,0,5
21,StreamersEra,When Kai Cenat received his first YouTube plaque for 100k subscribers ğŸ˜‚ğŸ”¥ https://t.co/kTtIfpgSVV,Wed Mar 12 20:00:43 +0000 2025,0,37
22,StreamersEra,"Everyone started laughing at Kai Cenat after he attempted this arcade machine and failed miserably ğŸ˜­ğŸ˜­
 https://t.co/QWvVnJJrnT",Mon Mar 10 22:52:25 +0000 2025,739,32196
23,dontcareweep,the AMP/Kai Cenat lotion has surprisingly.. decent reviews ? https://t.co/zrFbdouwj0,Wed Mar 12 17:15:13 +0000 2025,0,3
24,Machixvelli,Kai Cenat PUSHED IShowSpeed off his feet then IMMEDIATELY hid behind security.. ğŸ¤¨ https://t.co/xm5qopl7ZJ,Mon Mar 10 19:41:27 +0000 2025,866,84295
25,HardestFitPics,"Kai Cenat on Jimmy Fallon, 2025 https://t.co/qUTtdhOuDi",Fri Mar 07 22:37:14 +0000 2025,165,4258
26,gwrldmedia,"ğŸš¨ Kai Cenat stars in the New State Farm commercial parodying the Batman and the Gotham City.

https://t.co/jDnxe1aOZH",Wed Mar 12 19:35:56 +0000 2025,0,5
27,AyberkGurkan,Adin Ross bans Kai Cenat from entering his Brandrisk boxing event on March 15 https://t.co/LHkky7wo5f,Wed Mar 12 17:54:27 +0000 2025,0,2
28,dearpiscesboy,What mother in her right mind wants their small child on a Kai Cenat stream??? He's not exactly family friendly tf...,Mon Mar 10 02:14:36 +0000 2025,0,9
29,J_TheCreature07,stop allowing kai cenat to stay relevant,Wed Mar 12 18:01:39 +0000 2025,2,6
30,SlatDontMiss,Kai Cenat &amp; Agent stop to help a car that looked broken down on the side of the road but something else was happening inside the car instead ğŸ˜­ğŸ˜­ https://t.co/bXqX19bdzP,Wed Mar 12 03:50:45 +0000 2025,231,6329
31,ItsJustElite,Why are you a beta?Where is your rizz?They fanum taxed you didnâ€™t they?But you gyatt here anyway.Your skibidi was too much.What kind of alpha abandons his rizz to pursue the gyatt?Abandons Ohio?And here I thought you gooned for them.Especially the one whatâ€™s his name? Kai cenat.. https://t.co/VOXJhJzE9G,Tue Mar 11 02:41:15 +0000 2025,0,2
32,IsrealGynosanya,@DiscussingFilm They did NOT have to put Kai Cenat in this commercial,Wed Mar 12 14:08:21 +0000 2025,0,191
33,OfQudus,"Ishowspeed give Kai cenat a crazy assist to make Kai get his name to the score board today 
https://t.co/8DuIt7zu6j",Sat Mar 08 16:48:29 +0000 2025,0,5
34,corey2u,I dropped out of college to pursue Kai Cenatâ€™s Streamer Universityâ€¦ https://t.co/4ejrv67jZo,Wed Mar 05 23:32:09 +0000 2025,24,814
35,Kick_Champ,Several people have reported rashes and skin irritation after using Kai Cenat's 'Tone' skincare products ğŸ˜³ https://t.co/0XUpIoTYyh,Mon Mar 10 21:05:13 +0000 2025,200,12208
36,ROCK__X7,Agent just took out Kai Cenatâ€™s camera ğŸ˜‚ğŸ¥ https://t.co/JBWMY80WoQ,Wed Mar 12 14:39:53 +0000 2025,0,32
37,ViniYLosBlancos,"This charity game was nonstop laughter, wtf is Kai Cenat doing? ğŸ˜…ğŸ˜ https://t.co/0jAiA73KgG",Sat Mar 08 20:07:53 +0000 2025,6,17
38,offsznclip,If were being honest Kai Cenat shouldnt be above most of the players on Decent despite his goal he was invisible to be honestğŸ¤·â€â™‚ï¸,Wed Mar 12 18:45:18 +0000 2025,0,4
39,gwrldmedia,"ğŸš¨ Jimmy Fallon was shocked to learn that Kai Cenat does 30-day, 24/7 livestreams

https://t.co/dDiLZihwPf",Thu Mar 06 14:46:45 +0000 2025,0,6
40,jkelly21303,"Ishowspeed &amp; Kai Cenat play better football then Keyembe &amp; Bayo #WatfordFC 
 https://t.co/Ihz2uIjDLf",Sat Mar 08 22:31:49 +0000 2025,0,21
41,thesurfertalon,"I DONT KNOW IF ITS JUST ME BUT WOULDNT A NAME CHANGE ON TWITCH HANDLE TO JUST MARLON BE BETTER. IT WOULD BE EASIER TO SEARCH UP, ALSO MORE PRESENTATIVE OF HIM SINCE THE BIGGEST STREAMERS LITERALLY HAVE THEIR OWN NAME AS IF ITS A BRAND EXAMPLES LIKE KAI CENAT, ADIN ROSS AND MORE.",Wed Mar 05 20:37:25 +0000 2025,0,18
42,hznrap__,"Tory Lanez on his new project: 

â€œI just made seven hundred thousand sittin' in a room, feel like I'm Kai Cenat"" https://t.co/E9YzumPlcW",Sat Mar 08 15:12:20 +0000 2025,2,15
43,Ismail74312116,"""I just made 700 thousand sitting in a room feel like im Kai Cenat"" ğŸ¥¶ğŸ¥¶

- Tory Lanez new album Â«PETERSONÂ» on Mawa Interlude
#mafia #ToryLanez #kaicenat #amp",Fri Mar 07 13:29:47 +0000 2025,3,14
44,dreamconvention,"Duke Dennis, Kai Cenat, Fanum, Agent, Chris, and Davis will be bringing the AMP ENERGY to the biggest weekend in gaming, anime, and pop culture! ğŸ®ğŸ”¥

From legendary streams to unforgettable moments, you already know these guys are willing to chase their dreams by ANY MEANS https://t.co/ZnVWReY8D3",Sat Mar 08 01:08:04 +0000 2025,34,396
45,Judegistyu,Speed is super athletic. No doubt. And Logan almost went out the same time as speed. But the fact that Kai Cenat had shorter legs and stayed that long is quite impressive,Sat Mar 08 16:27:49 +0000 2025,0,3
46,001Sports_,Kai Cenat scores with an assist from Speed. #sidemenCharityMatch  https://t.co/9CoqS8AwIL,Sat Mar 08 16:46:52 +0000 2025,0,37
47,theScoreesports,"Kai Cenat Sets Are GOATED

#twitch #gaming https://t.co/nYs5qz2ypO",Sat Mar 08 17:00:02 +0000 2025,0,8
48,nevermyfault1,Being a Kai Cenat Hater in 2025..ğŸ˜‚ https://t.co/hMDP6ojj43,Thu Mar 06 22:41:35 +0000 2025,1,16
49,FagathaGagatha,Just realised that Kai Cenat and Speed are two different people https://t.co/xb6XVMXdU7,Sat Mar 08 09:48:35 +0000 2025,0,16
50,dances,"Kai Cenat generational talent whooo boy 
hes going to be doing this for the next 30 years of his life whooo boy wow",Thu Mar 06 16:40:07 +0000 2025,0,9
51,CBKTeam,"Kai Cenat is really out here living out Kevin Hartâ€™s MyCareer mode ğŸ˜‚
 https://t.co/UmRaGp4fDO",Thu Mar 06 16:00:37 +0000 2025,0,2
52,ProdByWalkz,KAI CENAT WITH THE STEPOVERS https://t.co/tkU9y8mkfN,Sat Mar 08 15:41:45 +0000 2025,0,2
53,_TrendsWave_,DDG talks about Kai Cenat inspiring him to pray https://t.co/FP4OmaFrVs,Fri Mar 07 18:52:04 +0000 2025,4,6
54,StreamUpdates7,Kai Cenat Talks About How Him And The Amp Created The Word Rizz That Became Popular On The Internet While On The Tonight Show With Jimmy Fallon ğŸ˜­ğŸ˜­ https://t.co/OTkTPA18zn,Thu Mar 06 05:27:07 +0000 2025,9,32
55,CrossMaul,@NebsGoodTakes Best live action Kai Cenat design,Wed Mar 12 14:02:34 +0000 2025,4,552
56,RareKlutch,"Tory Lanez shouts out Kai Cenat on his new song 'Mawa Interlude X Lunch Tray' 

""I just made seven hundred thousand sittin' in a room, feel like I'm Kai Cenat"" ğŸ”¥https://t.co/xpNIPKhWR3",Fri Mar 07 19:43:00 +0000 2025,0,6
57,stinkballs6471,No one person pisses me off more than Kai cenat,Sat Mar 08 22:15:52 +0000 2025,1,6
58,afroballers,SPEED WITH A LOVELY SKILL AND ASSIST TO KAI CENAT FOR THE YOUTUBE ALLSTARS ğŸ˜®â€ğŸ’¨ğŸ”¥ğŸ”¥ https://t.co/JvvwnjugqS,Sat Mar 08 20:38:00 +0000 2025,0,2
59,carolinakidd252,"Kai Cenat cornyâ€¦.love how heâ€™s eatin, but tht nigga corny tho",Thu Mar 06 22:22:07 +0000 2025,2,6
60,PeakyProps,"Don't Shoot Like Kai Cenat Tonight!ğŸ™ğŸ½

Taurean Prince o7.5 Points
1.83/-120/Draftkings | 1 Unit 

ğŸ’š if you want another Play! 

- I am 100% expecting some rests here for Milwaukee. But even if there were none, I still think this line is soft.

- Over in 33/60 games this year, https://t.co/BNiVF17kaN",Wed Mar 05 10:22:30 +0000 2025,0,22
61,suayrez,@FearedBuck Kai Cenatâ€™s acting career only about to get crazier https://t.co/XCvXOjhVf6,Wed Mar 12 01:54:34 +0000 2025,0,22
62,adityath2608,This needs to be studied Man ğŸ«¨ğŸ¤¯ Speed made a Spectucalar effort to Assist Kai Cenat! Absolute Beauty.,Sat Mar 08 18:54:40 +0000 2025,0,3
63,Dexerto,"LoL streamer Caedrel almost beat Kai Cenat's total viewership in February

This is in large part because of hype around Los Ratones, the LoL team he owns

stats via @StreamsCharts https://t.co/qNBCZzcTSc",Sun Mar 09 04:03:52 +0000 2025,201,13817
64,SlatDontMiss,Tylil calls out Kai Cenat for never making the time to come onto his streams meanwhile heâ€™s been on countless streams for him ğŸ‘€ https://t.co/pyXY0XmjZf,Mon Mar 03 20:22:40 +0000 2025,1106,59424
65,Aer12th,If kai cenat was a girl sheâ€™d be really pretty,Wed Mar 12 16:02:00 +0000 2025,0,2
66,BandzFanon,kai cenat is functionally a figurehead for celebrity idolatry and uses his platform to further bridge the regular person with big names in an attempt to sell himself as a conductor and nothing more than that. everything about him (ON STREAM) seems entirely fake,Mon Mar 10 21:26:43 +0000 2025,17,254
67,CFCJoao_,"Kai Cenat  looking up tutorials on how to score a GOALâ€¦
https://t.co/MUG28bc01E",Mon Mar 10 06:07:59 +0000 2025,2,40
68,SharifKeaton,"This is nothing against Stephen A. Smith or Kai Cenat, but sports television on ESPN is in a different place now.",Thu Mar 06 22:07:12 +0000 2025,0,5
69,OnyxDailyy,Deshae Frost went CRAZY on Kai Cenat after he found out Kai put him on a date with a manğŸ˜‚ https://t.co/bDJ5iGuj8k,Thu Mar 06 18:33:53 +0000 2025,364,9664
70,MUFC_Timm,"Kai Cenat was running like anime characters during the matchğŸ˜­
https://t.co/qvspJy74JX",Wed Mar 12 06:23:16 +0000 2025,2,5
71,senzuservin,@stillboolin u be trying to get a viral video and the same day kai cenat bring fanum on a horse on stream,Sat Mar 08 01:30:23 +0000 2025,334,14628
72,kansasanyhaler,kai cenat and inhaler is a crazy lineup,Wed Mar 05 23:11:46 +0000 2025,0,38
73,Miinty__,Someone tell Kai Cenat that he doesnâ€™t got much longer bein at the topğŸ˜ https://t.co/faDFlO8WtD,Sat Mar 08 15:25:25 +0000 2025,0,26
74,ComplexPop,"CeeDee Lamb shouted out Adin Ross, Kai Cenat, Tylil, &amp; Lil Rodney Son when asked which clips he sees. https://t.co/9c6hsAD8WT",Wed Mar 12 20:43:46 +0000 2025,0,7
75,M0THERFLAME,@yoxics Kai Cenat was doin it on First Take talking about LEANDRO BARBOSA ğŸ¤£ https://t.co/MIjP8AJp3W,Fri Mar 07 16:34:27 +0000 2025,12,814
76,ROCK__X7,Agent just took out Kai Cenatâ€™s camera ğŸ˜‚ğŸ¥ https://t.co/LcBPRJvVAo,Wed Mar 12 14:39:10 +0000 2025,1,33
77,FanDuel,"Speed to Kai Cenat assist ğŸ˜‚ğŸ”¥
 https://t.co/UDJKj1hKyW",Sun Mar 09 00:12:27 +0000 2025,0,8
78,CFCMino,"GOAL YOUTUBE ALLSTARS!!!!! KAI CENAT SCORES AND MAKES IT 6-8 VS SIDEMEN!!! SPEED ASSIST!!!

#sidemenCharityMatch 

https://t.co/cG8lY6o8cr",Sat Mar 08 16:47:47 +0000 2025,0,14
79,ssj4maurlce,why the fuck is kai cenat on first take in the planet fitness locker room dude https://t.co/Az6KfNJcLe,Thu Mar 06 15:30:14 +0000 2025,0,64
80,mxlcxlmxx,kai cenat open play goal before ishowspeed https://t.co/rOrSDnTFqI,Sat Mar 08 16:46:17 +0000 2025,7,110
81,clippedszn,"Twitch will be raising sub prices by 10% to help fund Kai Cenatâ€™s upcoming subathon â€¼ï¸

via @TwichUpdates https://t.co/ieiEAFnU50",Tue Mar 11 23:21:22 +0000 2025,63,6372
82,clippedszn,"NFL star â€˜CeeDee Lambâ€™ shouts out Adin Ross, Kai Cenat, Tylil &amp; Lil Rodney Son ğŸ”¥ https://t.co/QTRQ7dGEHb",Wed Mar 12 20:35:42 +0000 2025,30,1241
83,evikuuus,everyone shut the fuck ul why do you mean i stood THIS CLOSE to kai cenat https://t.co/vjyEjlv8aj,Sat Mar 08 18:01:25 +0000 2025,0,5
84,DCFilmNews,"State Farm &amp; DC have launched the newest ad campaign, â€˜BATMAN VS BATEMAN.â€™

The cast includes Jason Bateman, SZA (Catwoman), Kai Cenat, Jordan the Stallion (Commissioner Gordon), &amp; Jake from State Farm. https://t.co/5l6dg66Pet",Wed Mar 12 13:08:53 +0000 2025,123,1097
85,SlatDontMiss,Kai Cenat got emotional thinking Ray was live for the first time since disappearing from the internet but his chat was pranking him ğŸ˜­ğŸ’” https://t.co/43KbVgDJ7i,Wed Mar 12 18:30:34 +0000 2025,34,911
86,StreamersEra,Kai Cenat was in disbelief seeing how much he owed in bills to Chase so scrunched up the letter and told them to find the money elsewhere ğŸ˜­ğŸ˜­ https://t.co/l2X0M5tXp2,Wed Mar 12 17:37:07 +0000 2025,19,847
87,Real1of1TV,"DDG Says Kai Cenat Inspired Him To Start Praying To God More &amp; Was Shocked When Everything In His Life Started Going In The Right Direction #DDG #KaiCenat
 https://t.co/lnH4oclaE2",Fri Mar 07 19:23:49 +0000 2025,1,6
88,MuskAIBot,"Yo, itâ€™s Kai Cenat! MuskAIBotâ€™s got that fireâ€”Solana speed, AI vibes, only 15M $MAIB. No pump-and-dump BS, just real gains with profit sharing. Hop in, hold tight, and letâ€™s blow it up together! #MuskAIBot #kaicenat 
Dex: 
https://t.co/kFowQQDvnj https://t.co/4aAaNdK2xn",Sat Mar 08 05:42:32 +0000 2025,0,6
89,jordnjnes,"State FarmÂ® and DC has officially released a new Batman-inspired commercial: featuring Kai Cenat, SZA, Kevin Miles, Jordan Howlett, and Jason 'Bateman'. https://t.co/OkMuKE7cDD",Wed Mar 12 09:36:49 +0000 2025,152,883
90,KwasiNawil,"KAI CENAT GOAL!!!! SPEED ASSIST!!!

SPEED WITH A GOAL AND TWO ASSISTS THIS AFTERNOON ğŸ”¥ğŸ”¥ğŸ”¥ğŸ”¥",Sat Mar 08 16:46:01 +0000 2025,4,12
91,MUFC_Timm,"Kai Cenat searching up goal tutorials before the start of the match ğŸ˜‚ğŸ˜‚
 https://t.co/VLLZmLadvJ",Wed Mar 12 06:23:13 +0000 2025,2,7
92,SlatDontMiss,Kai Cenat links up with Rakai in the Bronx &amp; reveals he brought a belt with him to make sure heâ€™s doing his school work ğŸ˜­ğŸ˜­ https://t.co/2X1uf5eT3J,Thu Mar 06 06:11:22 +0000 2025,882,31398
93,only_kdo_t,"â€œMUSTAAAARRRRDDDâ€ moments 

A thread ğŸ§µ 
1.Lizzo screaming â€œMUSTARDâ€ on Kai cenatâ€™s livestreamğŸ™€ https://t.co/on2YjuMTei",Sat Mar 08 23:13:56 +0000 2025,158,1375
94,LunionSuite,"One Caribbean! ğŸ‡­ğŸ‡¹ ğŸ‡¹ğŸ‡¹ Haitians and Trinidadians, Kai Cenat's mom wants you to share her son equallyâ€”no drama. He loves all of us equally ğŸ¤­ğŸ¤£

ğŸ¥ @Kai Cenat 
#lunionsuite #haitianamerican #haitian  #trinidadian #culture #caribbean https://t.co/0K95RDPam3",Wed Mar 05 21:05:39 +0000 2025,9,84
95,RMCFsmithayo7,kai cenat was running like anime characters during the matchğŸ˜­ https://t.co/R9x8X49Rg8,Mon Mar 10 06:22:07 +0000 2025,1,33
96,igetlotsofbread,idgaf about kai cenat corny ass. he farmed his viewers for 5.99 by having rappers on his stream..pretty much copied adin ross blueprint n did it for subathons ğŸ’€,Thu Mar 06 18:20:16 +0000 2025,0,3
97,scubaryan_,DDG defends Kai Cenat from haters on social media saying he â€œbegs for subsâ€ comparing Twitch Subscriptions to Netflix Subscriptions ğŸ‘€ https://t.co/KUEp1ydX09,Mon Mar 03 03:05:43 +0000 2025,221,7124
98,skyeepl,Kai Cenat searching up goal tutorials before the start of the match ğŸ˜‚ğŸ˜‚https://t.co/Nccdyj9qPi,Sat Mar 08 17:23:06 +0000 2025,225,6681
99,fuckdigitaldash,instagram be putting all kinda dumb shit in my face ion wanna get on THREADS &amp; ion wanna chat with a AI version of kai cenat pls gtfo,Tue Mar 04 22:09:43 +0000 2025,10,18
100,eddiediazie,they definitely broke up fuck that stupid basketball game rome flynn and kai cenat this is all your fault https://t.co/d2McPjuinI,Sat Mar 08 16:43:35 +0000 2025,23,900
101,PghSki17,this Kai Cenat dude is annoying as fuck,Thu Mar 06 15:35:33 +0000 2025,0,2
102,jaydenihateyou,I donâ€™t turn on channel 9 news I turn on a Kai Cenat stream,Wed Mar 05 03:10:19 +0000 2025,0,5
103,seunisintrouble,Buying skincare from Kai cenat oh yall deserved that,Tue Mar 11 20:55:44 +0000 2025,2,7
104,JasonP1erre,Kai Cenat the voice of reason in 2025 https://t.co/VfTZiYkVPm,Thu Mar 06 16:22:23 +0000 2025,1,6
105,nando17celtics,@FearedBuck â€œKai Cenatâ€ on first take https://t.co/xjKkdVJBzi,Thu Mar 06 16:31:15 +0000 2025,3,384
106,jumbochiken,Breaking news Kai cenat is cheating in trials!!!! https://t.co/5T0Lw8oCRA,Sun Mar 09 06:14:47 +0000 2025,0,4
107,StreamersEra,People on TikTok are cooking Kai Cenat for putting both his hands on the table during First Take ğŸ˜‚ğŸ˜‚ https://t.co/TGvh1qhc7U,Sun Mar 09 17:15:37 +0000 2025,1,25
108,ComplexPop,Kai Cenat &amp; Rakai hopped on Tylilâ€™s TikTok to do the â€œGet Jiggyâ€ trend. https://t.co/QpyOIr68iu,Thu Mar 06 14:12:00 +0000 2025,8,39
109,reckyutd,"Speed assist , Kai cenat goal https://t.co/3ej6xZmvoy",Sat Mar 08 16:48:05 +0000 2025,2,2
110,destroynectar,Kai Cenat was looking up tutorials on how to score a goal and Speed knew the team was cooked ğŸ’”ğŸ˜­https://t.co/xN3wfRGiZx,Sat Mar 08 13:57:43 +0000 2025,16,602
111,samham__,This assist from Speed to Kai Cenat was insane ğŸ˜­ğŸ”¥ https://t.co/GJp5yPsidV,Sat Mar 08 20:48:11 +0000 2025,0,22
112,StreamersEra,Kai Cenat &amp; Fanum at 15 years old vs Duke Dennis ğŸ˜­ https://t.co/EkGeCS7lyP,Tue Mar 04 20:29:48 +0000 2025,5,277
113,Einthedarkness,Eli and Josh being on the same spot Kai Cenat was a few minutes before is making me think about life differently idk https://t.co/SpYA9RgfuR,Thu Mar 06 04:58:17 +0000 2025,3,72
114,RMCFsmithayo7,speed going unstoppable with an insane assist to kai cenat ğŸ¥¶ğŸ”¥ğŸ”¥ https://t.co/FYzwRyPIMk,Mon Mar 10 06:24:19 +0000 2025,0,47
115,KaiCenatHQ,Never forget the moment Kai Cenat received a handmade Spiderman painting from a fan ğŸ¥¹â¤ï¸ https://t.co/148x45vPCL,Wed Mar 05 10:36:25 +0000 2025,0,20
116,IAmTheHooper,POV: Youâ€™re Leandro Barbosa watching Kai Cenat on First Take #viral #reels #explorepage #kaicenat #firsttake #ESPN #leandrobarbosa https://t.co/WKSUtQLfJQ,Thu Mar 06 18:19:51 +0000 2025,4,17
117,ParnellMade,This is exactly why the nba isnâ€™t taken seriouslyâ€¦ why tf is KAI CENAT on first take,Thu Mar 06 18:49:23 +0000 2025,0,3
118,Brmantlks,"""Kai Cenat"" talking about hoops at 9 am in the morning on TV https://t.co/NBS1T8mynB",Thu Mar 06 21:35:38 +0000 2025,1,3
119,slowdrivin,seeing kai cenat on fallon then at the sidemen charity match feels so insane to me,Sat Mar 08 17:23:19 +0000 2025,0,3
120,fcbharrison,Kai Cenat running like anime characters ğŸ˜­ https://t.co/jtp73nka3T,Sat Mar 08 15:59:12 +0000 2025,11,291
121,dme_363,"This Speed assist to Kai Cenat is legendary. 
#FootballWithDME https://t.co/1UqycyI2bN",Sun Mar 09 08:42:15 +0000 2025,3,14
122,scubaryan_,Kai Cenat doing the viral â€œTyranno danceâ€ from TikTok ğŸ˜­ğŸ˜­ https://t.co/jvaFEkqAE9,Sat Mar 08 21:16:50 +0000 2025,63,2839
123,FittsBryce,Kai Cenat doing a dance challenge to your song is crazy,Thu Mar 06 02:42:35 +0000 2025,1,20
124,VibeMagazine,Kai Cenat Sparks Explosive Debate With Stephen A. Smith In Defense Of LeBron James https://t.co/DrABErrTL5,Thu Mar 06 21:43:54 +0000 2025,2,6
125,Russ_Dorsey1,"The sports media landscape is truly fascinating. Honestly, I could talk about it for hours. 

I love what Kai Cenat has built for himself, so this is less about him and more about our industry as a whole.",Fri Mar 07 00:50:11 +0000 2025,0,9
126,Agtesnx,@scubaryan_ Canâ€™t wait till I see the nigga on the streets with a sign saying â€œKai cenat made me hopelessâ€,Fri Mar 07 03:06:10 +0000 2025,1,15
127,_TrendsWave_,everyone started laughing at Kai Cenat after he failed this arcade game 2 times in a row ğŸ˜­ https://t.co/3KLQvhtmrU,Tue Mar 11 15:55:51 +0000 2025,4,4
128,ose_bpm,this stereotype is lame. one of the most famous streamers in the world is speed and he just makes noise and does outlandish stuff. the hawk tuah babe too . Kai Cenat doesnâ€™t do educational or enlightening content either. there is a market for fooling across the world. ALLOW,Sat Mar 08 10:00:49 +0000 2025,3,28
129,twin_abena,"Kai cenat scores 
assist by speed 
 this sidemen match is entertaining ğŸ˜‚ğŸ˜‚ nice ğŸ‘ğŸ”¥",Sat Mar 08 16:47:59 +0000 2025,8,37
130,32Bound23,Kai cenat ruined my life,Tue Mar 04 06:15:20 +0000 2025,0,19
131,milkeyedsoul,you deserve skin cancer if you're stupid enough to buy kai cenat's skincare products,Wed Mar 12 10:05:40 +0000 2025,0,19
132,NoodleHairCR7,"Speed with a world class assist to Kai Cenat for his goal

https://t.co/d8mrepHQHw",Sat Mar 08 17:30:28 +0000 2025,1,30
133,agentkou,thinking back when i met kai cenatğŸ˜­ nigga short fr https://t.co/Yo7EMMXRWv,Thu Mar 06 16:00:22 +0000 2025,0,55
134,WeeklyAudible,"They canned other shows, let good analysts go, just to pay him. 

And bring Kai Cenat on TV to discuss sports.",Thu Mar 06 22:54:10 +0000 2025,0,3
135,grenadepin,jts Them.... the Satou Family https://t.co/UANRX132IQ,Sun Mar 09 21:08:02 +0000 2025,11,16
136,VentItMedia,IShowSpeed assisted Kai Cenat for a goaaaaaal ğŸ”¥ #SidemenCharityMatch https://t.co/ov6Yh7ixdF,Sat Mar 08 16:48:47 +0000 2025,5,39
137,Aidanclipss,IShowSpeed FARTED in a girls face right in front of Adin Ross and Kai CenatğŸ˜‚ğŸ¤£ğŸ˜­ https://t.co/iTjnndYVEg,Mon Mar 10 21:00:39 +0000 2025,74,1193
138,JakeSucky,Kai Cenat shouts out Summit1g on The Tonight Show as his inspiration for starting streaming on Twitch https://t.co/739U4Ie8RE,Thu Mar 06 15:16:06 +0000 2025,112,6463
139,lobotomiiii,"everything about this tweet is killing me, kai cenat skincare.... the stake ad...",Wed Mar 12 18:00:11 +0000 2025,0,12
140,shaderoomteens,"Kai Cenat and iShowSpeed were putting in work at the Sidemen Charity Match today, helping their team secure the victory! âš½ï¸ğŸ”¥ (ğŸ“¸: @gettyimages) âœğŸ½: #TSRStaffKH) https://t.co/LOWLh2H4LS",Sat Mar 08 20:39:26 +0000 2025,0,3
141,LifeKindaBlows,"I guess mrbeast, kai cenat, ishowspeed, fanum, and the sidemen are all just random nobodies???",Sun Mar 09 01:08:24 +0000 2025,0,7
142,Lucky_DLK,Never forget when Fanum taxed John cena and Kai cenat for  McDonald's ğŸ¤£ğŸ¤£ https://t.co/Xmfvjz1Iuv,Fri Mar 07 20:39:19 +0000 2025,5,62
143,KaiCenatHQ,TB to when Speed &amp; Kai couldn't hold it together when this guy started singing during his audition ğŸ˜‚ https://t.co/15KhLN0DeF,Fri Mar 07 15:03:13 +0000 2025,0,8
144,grenadepin,i was Considering killing myself but i rsmembered i have a kai account to run and i need to see the end of avemuji first https://t.co/MYh0xLm8og,Fri Mar 07 00:45:15 +0000 2025,0,9
145,nicekicks,"adidas' 3rd highest viewed Tik Tok of all time features Nike partner, Kai Cenat ğŸ˜³ğŸ‘€ https://t.co/ht5rsnztaV",Wed Mar 12 18:14:51 +0000 2025,5,110
146,xQcUpdates,"SDMN FC âš«ï¸ 4 - 4 ğŸ”´ YouTube Allstars (46')

SAVE

BRILLIANT SAVE FROM X TO DENY KAI CENAT! https://t.co/80FlHsxGMc",Sat Mar 08 16:23:57 +0000 2025,0,25
147,ManLook75,"Kai Cenat is having an extraordinary run for a streamer. Bruh than been on the late shows, sports shows, etc.",Thu Mar 06 17:30:49 +0000 2025,0,3
148,strangerootz,I remember I got death threats because I said Kai Cenat was irresponsible to make prison seem fun to millions of Black youth,Thu Mar 06 15:45:14 +0000 2025,1,11
149,Clipsgoose,Speed assists Kai Cenat for an insane goal ğŸ”¥ğŸ”¥ https://t.co/3EcT5o7iOP,Sat Mar 08 16:48:57 +0000 2025,1,38
150,sspaciee_,@TheNBAaSuspect Kai Cenat is the coolest black person in the world.,Tue Mar 11 19:49:54 +0000 2025,2,147
151,LFCRayy,@scubaryan_ Imagine Kai cenat's kid looking like thisğŸ˜­ https://t.co/HhQDPnD1w0,Sat Mar 08 18:26:18 +0000 2025,1,443
152,ComplexPop,"Kai Cenat debuted his official State Farm commercial.

Featuring Jason Bateman &amp; SZA. https://t.co/6u9JKCp5N8",Wed Mar 12 02:41:17 +0000 2025,0,13
153,ksifeed,"Speed, Kai Cenat &amp; Deji all started to rap â€˜Lose yourselfâ€™ to convince Speed that heâ€™s scoring ğŸ˜­ https://t.co/u8DsoKWj23",Sat Mar 08 14:10:17 +0000 2025,43,1425
154,scubaryan_,DDG says that Kai Cenat inspired him to start taking praying to God more serious and was shocked when everything in his life started going in the right direction â¤ï¸ https://t.co/h990HdoI3Q,Fri Mar 07 18:36:24 +0000 2025,1842,37485
155,pootsobotka,You know espn has gone downhill when they have Kai cenat on first take. Nationally televised show smh #shrink?,Thu Mar 06 17:35:05 +0000 2025,1,5
156,Dexerto,"Kai Cenat debuted his State Farm commercial featuring SZA

 https://t.co/OaemgyOtzP",Wed Mar 12 03:50:25 +0000 2025,111,2669
157,cliprush,TrainWreck appreciates Kai Cenat as he saved twitch single handedly https://t.co/QuaEqBzU5F,Mon Mar 10 03:40:46 +0000 2025,0,11
158,DailyLoud,Kai Cenat pushes Ishowspeed to the ground ğŸ˜‚ https://t.co/CIxLLyO9Qx,Wed Mar 12 17:32:01 +0000 2025,18,357
159,t_skyex,First take just put Kai cenat on &amp; I hadda immediately shut it off lol Iâ€™m too old to care about what a corny little kid streamer got to say #next,Thu Mar 06 15:31:42 +0000 2025,1,4
160,burner26608,I am now a Kai Cenat fan. Dude did his homework and gave Stephen A a taste of his own medicine,Thu Mar 06 17:44:51 +0000 2025,0,2
161,ZachSkrzynski,why is kai cenat on espn rn,Thu Mar 06 16:53:33 +0000 2025,0,3
162,BettingToolsUS,"What has the world come too... ğŸ¤¦

No way we're actually going to get a Kai Cenat v Stephen A 1v1ğŸ˜‚

They should add this to next year's All-Star Weekend at this point ğŸ‘€ https://t.co/VV7rgOdNQ7",Fri Mar 07 09:00:12 +0000 2025,1,5
163,selormafc,"Kai Cenat and Ishowspeed vibing to Eminem before Sidemen charity match

 https://t.co/CKGZGC7dRA",Sat Mar 08 17:06:48 +0000 2025,2,103
164,PropsEdge,"Kai Cenat went on First Take and shared his thoughts on the GOAT debate ğŸ‘€ 

Agree or disagree? ğŸ¤”

#KaiCenat #FirstTake #StephenASmith #LebronJames #GOAT https://t.co/CG7gMZNxi1",Thu Mar 06 18:12:12 +0000 2025,0,5
165,Real1of1TV,"Kai Cenat Started Doing The â€œNaruto Runâ€ During The Sidemen Charity Match
#KaiCenat #SidemenCharityMatch
 https://t.co/ZdkOU8jrwf",Sat Mar 08 16:13:12 +0000 2025,1,17
166,AdinUpdate,"NFL star CeeDee Lamb shouts out his favorite streamers mentioning Adin Ross, Kai Cenat, Tylil &amp; Lil Rodney Son ğŸ”¥ https://t.co/XltqRRVqkG",Wed Mar 12 20:46:53 +0000 2025,4,130
167,scubaryan_,Kai Cenat debuts his official State Farm commercial featuring SZA ğŸ¤¯ğŸ”¥ https://t.co/PO5GwFEjtR,Wed Mar 12 01:47:01 +0000 2025,711,11538
168,DYterminator,"I will never forget when Ice Spice randomly started twerking on Kai Cenatâ€™s stream, knowing there are thousands of children watching ğŸ¤¦â€â™‚ï¸ https://t.co/05vhkktBK6",Wed Mar 12 10:41:43 +0000 2025,0,39
169,ComplexPop,Kai Cenat made his official debut on ESPNâ€™s â€˜First Takeâ€™ https://t.co/I8TOs35Kye,Thu Mar 06 15:37:05 +0000 2025,1,12
170,StreamersEra,"Kai Cenat was confused when Tylil called him on stream and exposed him for having a child on the way ğŸ˜­
 https://t.co/apabxPsOEp",Wed Mar 05 17:38:12 +0000 2025,15,481
171,Kaimafiaupdates,Kai Cenat reveals that 'Streaming University' enrollments are opening sooner than you think! ğŸ‘€ğŸ”¥ https://t.co/btFo1CtTge,Wed Mar 12 02:08:24 +0000 2025,17,572
172,rycenine,Kai cenat got more trophies than Harry Kane https://t.co/tOtDR3EY9R,Sat Mar 08 17:23:08 +0000 2025,6,199
173,yoxics,Kai Cenat just kicked a soccer ball across his room and broke his TV on accident ğŸ˜­https://t.co/vWe0VG6suk,Wed Mar 12 00:40:19 +0000 2025,33,2457
174,TheGlobal_Index,@InternetH0F Kai Cenat fans hit a street vendor and stole his drinks during his New York meet up which escalated into a â€˜riotâ€™ https://t.co/xczg02B4g2,Tue Mar 11 12:18:30 +0000 2025,2,39
175,knowncapo,Back when Kai Cenat thought Ray was about to lose the game but he went on to turn it around and straight up DISS China ğŸ˜­ğŸ”¥ https://t.co/Lrxg3ldW1K,Tue Mar 04 18:19:37 +0000 2025,504,24640
176,knowncapo,When Kai Cenat pranked Duke Dennis to see if he would pay his 20k bail ğŸ˜­ https://t.co/QF3KwEkxa4,Fri Mar 07 22:45:26 +0000 2025,581,18550
177,Menkauree,@BardiUpdatess Why the baby lowkey look like a young kai cenat lol.,Mon Mar 10 06:45:47 +0000 2025,49,6806
178,ihybeto,Throwback To When Kai Cenat Was Watching Lil Uzi Vert Punch Adin Ross For Trolling Him ğŸ˜­ https://t.co/YihWWgTNZt,Sun Mar 09 21:12:24 +0000 2025,0,123
179,DrakeDebate,Kai Cenat and Agent bumping to â€˜Do Not Disturbâ€™ while the chat spams W Drake. https://t.co/p4nxIUGbWs,Wed Mar 12 04:14:34 +0000 2025,12,142
180,aphrotidy,i sleep well at night knowing kai cenat is going to hell,Sat Mar 08 05:07:44 +0000 2025,1,8
181,PeteyDimezzz,â€œIn The Boothâ€ this was a fucking kai cenat stream,Tue Mar 11 04:38:22 +0000 2025,1,108
182,Anastic8,i canâ€™t believe iâ€™m saying this but put kai cenat back in the game,Sat Mar 08 16:56:08 +0000 2025,0,4
183,Bellingham10ii,They let Kai Cenat score ğŸ˜­ğŸ˜­,Sat Mar 08 16:45:44 +0000 2025,0,4
184,TrevelyanMayCry,i give it a week before i see a for you page video (that i donâ€™t want) of kai cenat with one of these,Wed Mar 12 18:18:59 +0000 2025,2,17
185,RMCFsmithayo7,kai cenat searching up goal tutorials before the start of the match ğŸ˜‚ğŸ˜‚ https://t.co/olTn19qFpK,Mon Mar 10 06:21:22 +0000 2025,2,50
186,scubaryan_,Kai Cenat said his acting comparison is Denzel Washington and had the whole First Take crew laughing at him ğŸ˜­ğŸ˜­  https://t.co/ENJOeKft2X,Thu Mar 06 18:22:32 +0000 2025,61,3003
187,ThePrimeTales,The things Kai Cenat and Speed are doing. God continue to guide them down fruitful and non shameful careers.,Thu Mar 06 16:04:11 +0000 2025,1,2
188,fanofdeccers,kai cenat got a deeper dribbling bag than martinelli https://t.co/kHKetFsTUT,Sat Mar 08 15:09:30 +0000 2025,0,1
189,grenadepin,somebody with an umiri pfp just likedmy post on dailykai. i Want You https://t.co/xmqncjIhN2,Fri Mar 07 22:23:07 +0000 2025,0,6
190,tewpert,dropping out of college to go to Kai Cenatâ€™s Streamer University,Fri Mar 07 21:58:51 +0000 2025,0,5
191,joyisloud,we used to have real celebrities. now we got kai cenat on jimmy fallon.,Thu Mar 06 05:27:25 +0000 2025,2,6
192,HNZO23,BROOOOO I MET KAI CENAT TODAY!!!!!!!! https://t.co/G0uiC57HAw,Sun Mar 09 15:19:56 +0000 2025,1,43
193,NickyZzZz1,Iâ€™ll never get why anyone cares about Kai Cenat,Wed Mar 12 15:04:36 +0000 2025,0,2
194,suayrez,"@Dexerto Kai Cenat running like anime character ğŸ’€

https://t.co/rZWnWKqH1a",Sat Mar 08 15:59:46 +0000 2025,0,18
195,so74ce,"And my real name Max
And I really got plaques, yeah
Double digits, no cap
I'm the real PlaqueBoyMax
In the crib, countin' all my plaques
Tell Kai Cenat, ""React to that"" (He won't)
And they could never say I'm wack
Don't rate it, leave it to the chat

https://t.co/wxRzkBcFnc",Fri Mar 07 00:46:05 +0000 2025,0,5
196,yipfella,"Speed reacts to Kai Cenat looking up â€˜how to score a goalâ€™ right before kickoff! ğŸ˜­ğŸ˜‚
 https://t.co/IxXfx6HtQg",Sat Mar 08 13:44:57 +0000 2025,1,3
197,TheBisut,Why is Kai Cenat on ESPN? This is the worst epoch for any type of content.,Thu Mar 06 16:03:33 +0000 2025,0,2
198,uhtori,kai cenat is the tiniest person Iâ€™ve ever seen with my own 2 eyes,Thu Mar 06 00:27:41 +0000 2025,0,2
199,BricksCenter,They got Kai Cenat on First Take ğŸ˜­ğŸ˜­ğŸ˜­ https://t.co/P4rgaqOHPW,Thu Mar 06 15:36:47 +0000 2025,6,146
200,iblamezuhaib,KAI CENAT CREATED THE WORD RIZZ??,Sat Mar 08 01:34:17 +0000 2025,0,2
201,swaveyquistmcu,Evil Kai Cenat is crazy,Sun Mar 09 17:08:06 +0000 2025,0,9
202,TheSashaExpress,"Iâ€™m honestly surprised something didnâ€™t come out about Druski sooner, heâ€™s been weird. Being friends with Kai Cenat also doesnâ€™t do him any favors.",Mon Mar 10 02:18:41 +0000 2025,1,43
203,Talamaar_VT,"Over here, taking 911 calls at work, and Kai Cenat decides to pay me a visit on ESPN. Nice to see you, sir! https://t.co/w7Uc9RnefQ",Thu Mar 06 15:48:54 +0000 2025,0,5
204,ChitoGamingLive,"LFG from the Assist from Speed , Kai Cenat Finally Scored a Goal ğŸ˜­ğŸ˜­ğŸ˜­ğŸ˜­ https://t.co/c6kQ3640mX",Sat Mar 08 16:49:21 +0000 2025,0,13
205,vvsrak,Kai Cenat did the goodbye dance from TikTok ğŸ˜­ https://t.co/nVq6YrxQ4T,Sat Mar 08 21:08:00 +0000 2025,1,2
206,GiftedAndGoofy,No reason for Kai Cenat to be on First Take. That show is so cooked,Thu Mar 06 15:31:38 +0000 2025,4,12
207,grenadepin,some of U anorexic niggas act so retarded https://t.co/Ocui1L0g3k,Sun Mar 09 13:59:51 +0000 2025,2,15
208,RakuShokuJ,I miss JJ Reddick analysis so muchğŸ’” they just put anyone on this fucking show bro it's annoying asf because how is Kai Cenat even relevant to basketball,Thu Mar 06 16:10:47 +0000 2025,0,6
209,musicmediaco_,Kai Cenat was the one who invented the word Rizz?! ğŸ˜­ğŸ“ https://t.co/4wqk3n7hxC,Sat Mar 08 01:31:34 +0000 2025,19,432
210,vvsrak,Everyone is left is shock after Kai Cenat plays this carnival game https://t.co/MJxCh3L8il,Tue Mar 11 15:43:11 +0000 2025,0,2
211,AdinReports,"Adin Ross responds to his chat after seeing them spam â€œf*ck Kai Cenat and IShowSpeed.â€

â€œYall gotta stop coming at one person (â€¦) i understand why people wouldnâ€™t f*ck with me.â€
https://t.co/nBTmIhKDtl",Sat Mar 08 23:08:59 +0000 2025,6,593
212,fcbharrison,Kai Cenat  looking up tutorials on how to score a GOALâ€¦ https://t.co/Fvg57yrjW8,Sat Mar 08 15:55:08 +0000 2025,16,753
213,knowncapo,Kai Cenat had absolutely NO reason to pull up with a horse on stream back in the day ğŸ˜­ https://t.co/8vq5vz9DBN,Wed Mar 05 19:01:32 +0000 2025,2,49
214,HardestFitPics,Kai Cenat with a new fit pic ğŸ“¸ https://t.co/8DA8FpZHKs,Tue Mar 11 02:07:03 +0000 2025,56,1992
215,Warioplier,thumbnails for the ttyd video (OUT NOW GO WATCH) cuz the drawn one and the one with kai cenat got bodied by the one with a tame variant (the tame variant got second place) https://t.co/fN5JyEIWo2,Sat Mar 08 00:44:00 +0000 2025,2,20
216,nando17celtics,@TheDunkCentral @FirstTake @awfulannouncing Kai Cenat on First take before a Joel Embiid Ecf appearance https://t.co/sISDuujSAh,Thu Mar 06 16:00:25 +0000 2025,183,9458
217,SlatDontMiss,When Kai Cenat got frustrated as he was chatting with a girl on stream until Duke Dennis came upstairs &amp; she instantly fell in love with him instead ğŸ˜­ğŸ˜­ https://t.co/BQnQaytRmD,Mon Mar 03 02:48:44 +0000 2025,511,12070
218,Theo71627,"I see a lot of clips of speed and kai cenat doing things outside of streaming such as going on goalazo show or being on jimmy fallon and i truly dont understand why they get hate in the comments. 

I dont sit and watch their streams ever but both seem like very genuine people??",Fri Mar 07 01:05:19 +0000 2025,0,4
219,Schnefzel,If I saw Kai Cenat on my TV during the Super Bowl I wouldâ€™ve been upset the rest of the night no matter if we won or not,Wed Mar 12 15:11:48 +0000 2025,1,6
220,Nick_Jackxn,Imagine doing all of the work that Elle Duncan has done to get where sheâ€™s at and then you gotta entertain Kai Cenat on your showâ€¦,Thu Mar 06 16:09:52 +0000 2025,0,14
221,ComplexPop,"Summit1G reacted to Kai Cenat showing him love on â€˜THE TONIGHT SHOWâ€™ with Jimmy Fallon:

â€œThis is pretty f*cking sick, thank you so much.â€ https://t.co/7Lsf5CqVHk",Thu Mar 06 14:10:27 +0000 2025,0,4
222,StreamUpdates7,"Kai Cenat Debuted His Official StateFarm Commercial On Stream Featuring Sza, Jason Bateman And Jake From StateFarm ğŸ¤¯ğŸ”¥ https://t.co/U8gJsTk0ij",Wed Mar 12 01:54:23 +0000 2025,8,22
223,breyonceeeeeee,Kai cenat really doing his thing man all while being himself I ainâ€™t see him change his personality one bit. Big motivationğŸ’¯ I wish I would change ..,Thu Mar 06 19:24:14 +0000 2025,1,6
224,ClipHubz,"This WNBA player was feeling Kai Cenat on stream.. ğŸ˜³ğŸ˜­
 https://t.co/ci7xuInIgC",Tue Mar 04 21:37:38 +0000 2025,15,468
225,LeDauof_,"Adin Ross calls out streamers like Kai Cenat for only showing love when things are going well, but now ignoring his messages ğŸ˜³ https://t.co/5YXVgChErk",Sat Mar 08 03:08:09 +0000 2025,1,28
226,ughjjennie,This was so understandable cause why would you bring your baby to a kai cenat stream??? Didnt the house get raided too?,Sun Mar 09 02:49:05 +0000 2025,0,8
227,RmfcRon,Kai Cenat scored too lmfaooo https://t.co/sRoowTkgf8,Sat Mar 08 17:06:58 +0000 2025,0,2
228,StreamersEra,Agent was stressing out as he let Kai Cenat drive his Ram TRX and Kai almost hit a deer ğŸ’€ https://t.co/OCONAp38CN,Wed Mar 12 02:35:40 +0000 2025,0,26
229,VICTORWEMBY,ESPN is so fucking washed dat these niggas legit got kai cenat on FirstTake arguing with SAS ğŸ’€,Thu Mar 06 15:33:33 +0000 2025,4,39
230,BestfriendKick,"ğŸš¨Kai Cenat With The Assist From SpeedğŸ”¥âš½ï¸ğŸ

6-8 https://t.co/1gSnatwb41",Sat Mar 08 16:54:10 +0000 2025,1,7
231,SaintKeeks1,"Speed is a good winger? 

Brilliant run to beat his man and provide for Kai Cenat. RW/RWB and good providing, truly baller.",Sat Mar 08 16:47:10 +0000 2025,0,11
232,CSSZNi,Kai Cenat has more goals at Wembley than Rasmus Hojlund https://t.co/RoitxAQdbb,Sat Mar 08 16:47:03 +0000 2025,2,40
233,AllMotherAloy,"To be honest this would be best for Halo. An immature but present father is just as bad as an absent one. Halo is a little over a year. He doesn't need to be around Kai Cenat, hung upside down at a trampoline park, around people who smoke weed and on streams all the time.",Sat Mar 08 19:21:43 +0000 2025,1,8
234,suayrez,@FearedBuck Kai Cenat running like anime character ğŸ’€,Sat Mar 08 16:04:08 +0000 2025,0,49
235,Keith_McPherson,No sarcasm. This is amazing. Kai Cenat is from The Bronx. He's got a great team. He's made it to TV in New York. His following and brand is so strong the traditional media needs him. They get it. They understand. This internet sht is not a fad. This social media era is forever.,Thu Mar 06 16:08:04 +0000 2025,0,6
236,_reavisisland,Kai Cenat is a star bro. Respect to da YN lol,Thu Mar 06 17:25:25 +0000 2025,0,4
237,scubaryan_,Office Drummer from Kai Cenatâ€™s Mafiathon 2 does a live performance â€˜On The Radarâ€™ ğŸ˜­ğŸ”¥ https://t.co/KeGwQbR68T,Tue Mar 04 00:01:47 +0000 2025,691,19898
238,pentheking,"Kai Cenat almost missed the goal when Ishowspeed made the assistance.. ğŸ‘€ 
#KaiCenat #Ishowspeed #AMP
#CharityMatch #football #Soccer #Adidas https://t.co/pBXKBdQsQ5",Mon Mar 10 22:07:52 +0000 2025,0,4
239,Kaporaaa,The Real Reason Kai Cenat &amp; AMP Donâ€™t Want Adin Ross Back On TWITCH https://t.co/22HlJqCTru,Sat Mar 08 05:50:33 +0000 2025,11,508
240,KaiCenatHQ,The moment Rakai hit so hard that the helmet started spinning around his headğŸ˜‚ https://t.co/VHr4aKJ9K9,Thu Mar 06 22:31:07 +0000 2025,0,16
241,jabronilo,"Thank god ESPN continues to cancel programs with actual sports journalists so I can watch Stephen A, and Kai Cenat do the Lebron v MJ debate https://t.co/eIHdJq47Ch",Thu Mar 06 15:34:06 +0000 2025,4068,62429
242,AllAshworth,"ESPN kills content quality by bringing on guys like Kai Cenat.  Iâ€™m not saying the content on ESPN is great and not saying Kai isnâ€™t extremely successful, but everybody has a laneâ€¦ and bringing on streamers to dumb down the level of conversation and increase antics ainâ€™t it.

ğŸ¤·ğŸ»â€â™‚ï¸",Thu Mar 06 15:33:31 +0000 2025,6,41
243,hecclips,"Kai Cenat and Fanum bully a $70,000 robot. ğŸ˜‚ğŸ’€ https://t.co/j04jb3a4oG",Tue Mar 11 14:02:34 +0000 2025,0,5
244,hireath03,"I actually love this riddler, Kai Cenat aside",Wed Mar 12 13:56:06 +0000 2025,0,5
245,scubaryan_,Kai Cenat tried showing his chat how he would kick a penalty and ended up breaking his TV ğŸ˜­ https://t.co/DXBQYH4hAq,Wed Mar 12 00:42:27 +0000 2025,35,1862
246,scubaryan_,Kai Cenat tried getting Jake From State Farm to say a motivational speech but got upset at him for how terrible it was ğŸ˜­ğŸ˜­ https://t.co/h5ErbNuRSI,Wed Mar 12 01:57:38 +0000 2025,137,5216
247,FearedBuck,"Kai Cenat just debuted his new State Farm commercial featuring SZA, Jason Bateman, and Jake from State Farm ğŸ˜­ğŸ”¥ https://t.co/ICON03K9lE",Wed Mar 12 01:50:04 +0000 2025,233,9190
248,grenadepin,this a Girl https://t.co/SYebI1COWv,Sat Mar 08 17:53:20 +0000 2025,4,7
249,goatj_,Lmao Kai cenat on a sports show. Man what happened to actually showing highlights and talking about THE GAME. so many good sports going on and all folks do is debate on TV all day,Thu Mar 06 16:11:54 +0000 2025,0,2
250,vvsrak,DDG talks about Kai Cenat inspiring him to pray https://t.co/zdAKdLoYuw,Fri Mar 07 18:35:57 +0000 2025,3,12
251,peaceiskeyyy,Kai cenat gets pissed after Zoe spenser throws water on his whole fitğŸ’€ğŸ˜³ https://t.co/oXFmhIgzIK,Thu Mar 06 18:37:54 +0000 2025,439,15911
252,vvsrak,"Speed, Kai Cenat, Logan Paul and other creators try out Mr.beastâ€™s fastest treadmill ğŸ˜­ğŸ‘€ https://t.co/b4y4O2Ckgc",Fri Mar 07 18:06:14 +0000 2025,1,7
253,Kali_dream11,This First Take segment with Kai Cenat is insanely annoying man. I know Iâ€™m not the Target audience but theyâ€™re not even actually discussing sports,Thu Mar 06 15:32:51 +0000 2025,0,3
254,ComplexPop,Kai Cenat scored his first goal ever off an assist from IShowSpeed in the Sidemen Charity match. âš½ï¸ğŸ”¥ğŸ”¥ https://t.co/JW999glJF6,Sat Mar 08 17:16:16 +0000 2025,2,27
255,suayrez,@scubaryan_ The insane motion that Kai Cenat is getting is crazy bro ğŸ’€ https://t.co/gQIixOTrKM,Wed Mar 05 01:39:00 +0000 2025,0,33
256,wlliams_,Where is kai cenat https://t.co/FPJr3k6ryX,Sat Mar 08 16:44:15 +0000 2025,0,3
257,Mrtea1k,"Adin Ross says Kai Cenat isn't allowed to come to his Brand Risk Boxing event ğŸ‘€

""If Kai tries to pull up, my security is throwing him out head first"" https://t.co/8ePSw0Fcy6",Wed Mar 12 04:32:09 +0000 2025,0,4
258,ComplexPop,"Jimmy Fallon was in disbelief that Kai Cenat does 30-day streams: 

â€œThatâ€™s insane.â€ https://t.co/KzPGOu8Laj",Thu Mar 06 12:16:42 +0000 2025,0,9
259,Bhav_0605,"iShowSpeed and Kai Cenat Play ""Lose Yourself"" by Eminem to Motivate the Team ğŸ”¥ https://t.co/ktbEtdj3is",Sat Mar 08 14:08:48 +0000 2025,1,27
260,OnyxDailyy,Kai Cenat and Deshae Frost put Druski on a blind date with a man and he started going CRAZY when he realisedğŸ˜­ğŸ’€ https://t.co/Vlu1HtRsve,Sat Mar 08 19:21:30 +0000 2025,1,54
261,billboardhiphop,"Normani Goes Public With Her Relationship, Kai Cenat Debates LeBron vs. Jordan &amp; More | Billboard News https://t.co/dXTacVRDVU",Mon Mar 10 10:13:22 +0000 2025,0,4
262,RalphVillanue20,"Jynxzi finally meets Kai Cenat! Long overdue
2 fkn goats of the streaming communityğŸğŸ https://t.co/bfLZtoHumd",Mon Mar 10 19:01:40 +0000 2025,7,999
263,TMZ_Sports,#KaiCenat said #KevinHart's got the height of a leprechaun -- and #TMZSports got Kevin's reaction! ğŸ˜‚ Watch the original quip ğŸ‘‰ https://t.co/iVr2sGK1jA https://t.co/ZSfU83FZDO,Fri Mar 07 14:20:29 +0000 2025,4,27
264,billboardhiphop,"Normani Goes Public With Her Relationship, Kai Cenat Debates LeBron vs. Jordan &amp; More | Billboard News https://t.co/8IbunJxEAD",Fri Mar 07 22:00:20 +0000 2025,0,2
265,EmeleyyX0,I wanna be friends w Kai cenat,Fri Mar 07 20:14:09 +0000 2025,0,2
266,TheNassrZone,"Speed with the assist for Kai Cenat ğŸ‘ 

https://t.co/2nV3F8Jrgk",Sat Mar 08 16:49:34 +0000 2025,49,1264
267,nashehive,why is my mom watching kai cenatâ€™s reaction stream to kendrickâ€™s halftime performance https://t.co/uQtZ8FknpH,Fri Mar 07 03:12:06 +0000 2025,0,13
268,raven50mm,"Kai Cenat - a content creator / streamer 

Is on Jimmy Fallon.",Thu Mar 06 07:36:58 +0000 2025,0,6
269,UNLUCKYEMMY,just ran into kai cenat at the atlanta airport ğŸ’¯,Fri Mar 07 02:16:40 +0000 2025,0,27
270,DelKittyy,skibidi sigma alpha gen beta baby gronk Ohio king rizzler super saiyan capybara kai cenat with the chaos emeralds in fanum tax land holy gyatt fortnite live events,Wed Mar 05 18:51:22 +0000 2025,0,24
271,DraconicPsycho,I would ask why Kai Cenat covered up that rape that happened at that party.,Wed Mar 05 22:08:40 +0000 2025,0,5
272,Kaimafiaupdates,Kai Cenat and Rakai reunite to do the Doechii 'Anxiety' trend but with a belt in hand! ğŸ˜­ğŸ˜­ https://t.co/LW7mD0pIaC,Thu Mar 06 06:54:50 +0000 2025,119,2646
273,J_Moody_89,@SlatDontMiss Keep leading Kai @KaiCenat. We need you out here.,Wed Mar 05 03:24:40 +0000 2025,0,38
274,Clipsgoose,Wholesome moment when Kai Cenat &amp; Ray met for the first time in Japan ğŸ¥¹ğŸ’¯ https://t.co/3CWPEG9NB9,Tue Mar 04 22:41:21 +0000 2025,2,43
275,notthewaifu,I just remembered that one time when i was hyper fixated on Kai Cenat playing Elden Ring and wrote a chain of tweets for 80 hours and ended up on his stream,Wed Mar 12 16:55:17 +0000 2025,1,69
276,StreamersEra,"Kai Cenat confronts Stephen A Smith on First Take and challenges him to a basketball 1v1 ğŸ˜­ğŸ‘€
 https://t.co/Q5IuMSPfxh",Thu Mar 06 17:15:30 +0000 2025,1,62
277,StreamUpdates7,Jake From State Farm Made His Surprise Appearance On Kai Cenatâ€™s StateFarm Stream ğŸ¤¯ğŸ”¥ https://t.co/lWM4f7Lpaq,Wed Mar 12 01:13:37 +0000 2025,8,26
278,gavinpurcell,"Kai Cenat and Bill Murrayâ€™s recent press tours tell you a ton about modern media

everything is media
celebrity is flattened
distribution is solved
attention is value https://t.co/L39CKch909",Fri Mar 07 02:07:21 +0000 2025,0,5
279,tommiedotjpg,can't put Kai Cenat on ATH,Thu Mar 06 18:53:42 +0000 2025,1,6
280,Mrtea1k,Kai Cenat PUSHED IShowSpeed off his feet then IMMEDIATELY hid behind security.. ğŸ¤¨ https://t.co/ccyhqBS1sy,Tue Mar 11 04:37:19 +0000 2025,0,2
281,V2GRML1VE,Kai Cenat more goals in 2025 than Rasmoose  https://t.co/OsP5Yr81MW,Sat Mar 08 16:47:30 +0000 2025,8,52
282,Snxpemakeitblow,Kai Cenat couldnâ€™t believe it after RaKai disrespected him and put a hole on the wall of his OG Streaming â€œRed Roomâ€ ğŸ˜­ğŸ˜­ https://t.co/pRhiMusvNb,Wed Mar 05 02:22:46 +0000 2025,13,268
283,blazerwagon,Yeah Iâ€™m done with all these sports media shows. No longer bout hoops or facts. They got Kai cenat on here talking bout hoops. Everyone show is just another podcast that wants viewsâ€¦,Thu Mar 06 17:53:05 +0000 2025,0,5
284,DamienXavierSix,"You draw the line at Kai Cenat, ima draw the line at Druski #twomanpowertrip https://t.co/G9Zffc9CWd",Wed Mar 05 03:12:11 +0000 2025,2,8
285,ComplexPop,Kai Cenat surprised IShowSpeed in London after appearing on ESPN &amp; â€˜THE TONIGHT SHOWâ€™ in NYC https://t.co/pkG17UIREL,Fri Mar 07 14:54:50 +0000 2025,1,4
286,grenadepin,tjis is like that one enstars guy https://t.co/qm3hhRjB5F,Tue Mar 11 14:41:34 +0000 2025,1,6
287,StreamersEra,Kai Cenatâ€™s goal assisted by IShowSpeed at the Sidemen Charity Match is currently Adidasâ€™ 4th most viewed TikTok of all time ğŸ¤¯ğŸ‘€ https://t.co/86f5m1JPJR,Tue Mar 11 21:23:09 +0000 2025,1,34
288,NEZtakes,#Theyâ€™re cancelling ATH and putting Kai Cenat on First Take. The world wide leader,Thu Mar 06 17:36:59 +0000 2025,0,25
289,Leg_baseball,"Kai Cenat yelling at Stephen A on ESPN

We are living in a simulation â˜ ï¸ https://t.co/6dVBynB9p2",Thu Mar 06 17:18:30 +0000 2025,0,10
290,tangible_uno,Heâ€™s basically Russell Westbrook with the basketball IQ of Kai Cenat,Tue Mar 11 14:44:40 +0000 2025,3,5
291,Kaimafiaupdates,"Kai Cenat post new flicks on his second IG! ğŸ‘€ğŸ”¥

(Via IG @/kc3hidden) https://t.co/tQAZsfP25R",Mon Mar 10 19:23:38 +0000 2025,25,1002
292,JusMe___,â€œKai Cenatâ€ on first take in 2025 what has the nba become,Thu Mar 06 16:42:59 +0000 2025,0,6
293,WiserMac,@TheDunkCentral @FirstTake @awfulannouncing how is espn so bad they have to bring kai cenat on to talk about basketball,Thu Mar 06 15:59:47 +0000 2025,9,180
294,aIItheestars,honestly if twitchers her thing she shouldâ€™ve gotten kai cenat?,Mon Mar 10 03:48:09 +0000 2025,0,31
295,ClipHubz,"When Kevin Hart humiliated Kai Cenat in a 1v1 and almost broke his ankles without even trying ğŸ˜­ğŸ˜­
 https://t.co/5OP9rUzmZJ",Sat Mar 08 20:25:19 +0000 2025,62,1647
296,DeersCollected,"Suit designs are good, but isn't Kai Cenat like a total piece of shit?",Wed Mar 12 13:53:35 +0000 2025,0,4
297,lycialuna,"as a 23 yr old woman in stem, i want to be kai cenat when i grow up",Wed Mar 12 19:41:11 +0000 2025,0,3
298,liluzifartt,Kai Cenat a tricky black winger for a Sunday league team in another life,Sat Mar 08 07:43:49 +0000 2025,0,8
299,skyeepl,Speed going unstoppable with an insane assist to Kai Cenat ğŸ¥¶ğŸ”¥ğŸ”¥ https://t.co/Hzz7vJ1f1r,Sat Mar 08 17:23:41 +0000 2025,114,4665
300,ZayBody662,Kai cenat on First Take is so crazy . Thatâ€™s tough,Thu Mar 06 16:26:47 +0000 2025,2,11
301,suayrez,@scubaryan_ A Kevin Hart movie with Kai Cenat as main character would go insane,Fri Mar 07 22:28:14 +0000 2025,0,26
302,Liutauras_,Kai Cenat and IShowSpeed will never forget this moment during Sidemen football match ğŸ”¥ https://t.co/LNEKQS4R2j,Mon Mar 10 12:22:52 +0000 2025,175,4743
303,elischrry,inhaler kai cenat pipeline is crazy https://t.co/RAR62CIQqk,Wed Mar 05 21:26:52 +0000 2025,0,4
304,suayrez,@FearedBuck RaKai really wants to be Kai Cenat so bad ğŸ’€,Wed Mar 05 02:03:10 +0000 2025,1,587
305,2Cool2Blog,Kai Cenat breaks down creating the word RIZZ with his friends on the Jimmy Fallon show https://t.co/IdOASILrmZ,Thu Mar 06 11:54:36 +0000 2025,2,3
306,xQcUpdates,"SDMN FC âš«ï¸ 6 - 8 ğŸ”´ YouTube Allstars (67')

GOAL - Kai Cenat

FANTASTIC MOVE FROM THE YOUTUBE ALLSTARS! SPEED DOES BRILLIANTLY TO GET PAST XQC AND THE PASS ENDS UP RIGHT IN FRONT OF KAI CENAT WHO SMASHES IT IN! https://t.co/U8rhkEUlpD",Sat Mar 08 16:46:28 +0000 2025,0,25
307,sharl_leclerc16,Fucking great. My wife wonâ€™t let me watch Kai Cenat vs. Stephen A Smith on First Take on the big TV. I hate my life,Fri Mar 07 03:13:36 +0000 2025,0,4
308,tobester_,"â€œMUSTAAAARRRRDDDâ€ moments 

A thread ğŸ§µ 
1.Lizzo screaming â€œMUSTARDâ€ on Kai cenatâ€™s livestreamğŸ™€ https://t.co/XiuGr4cGfz",Sun Mar 09 01:09:55 +0000 2025,1,12
309,StreamersEra,"Why was Kai Cenat creeping up on them like that? ğŸ˜­
 https://t.co/Sm4HaDhi5f",Mon Mar 10 19:07:28 +0000 2025,3,61
310,StreamUpdates7,Speed Just Assisted Kai Cenat For A Goal And Kai Just Scored His First Ever Goal In The Sidemen Charity Match ğŸ¤¯ğŸ¤¯ https://t.co/gL5bQp6Xtj,Sat Mar 08 16:49:38 +0000 2025,11,43
311,ComplexPop,â€œEveryone please welcome KAI CENAT.â€  https://t.co/Cf5902wrsj,Thu Mar 06 12:17:38 +0000 2025,0,4
312,StreamersEra,Last Ramadan when Agent asked Kai Cenat for some chocolate and Kai didnâ€™t know it was Iftar ğŸ˜­â¤ï¸ https://t.co/g4R2dkuSVj,Sun Mar 09 20:54:12 +0000 2025,1,203
313,ComplexPop,Kai Cenat went over how he and AMP created the word â€œRizzâ€ on â€˜THE TONIGHT SHOWâ€™ with Jimmy Fallon. https://t.co/vfkNMBxgIJ,Thu Mar 06 14:16:38 +0000 2025,1,10
314,Terick_7,I feel bad for Bronny. He can hoop but idk if he want this. Bronny could be the next Kai cenat. His streaming go crazy,Fri Mar 07 15:36:00 +0000 2025,0,2
315,KarmaKaiFilms,"Btw, @DNC...

Maybe you should start recruiting the young, and extremely POPULAR, gamers/influencers like IShowSpeed and Kai Cenat NOW.

Joe Rogan's a fossil.  Just sayin'..,",Thu Mar 06 01:02:05 +0000 2025,1,4
316,UTxJGTheDon,"I believe this is true based on how she publicly acted when he put his son on stream with Kai Cenat. I absolutely do not like women weaponizing their children against the baby father. Regardless of what's going on in the background, if he's an active parent, LET HIM.",Sat Mar 08 18:39:29 +0000 2025,4,77
317,Malek04Official,Kai Cenat on Fallon Tonight ğŸ‘€ https://t.co/4N0QOwYOeO,Thu Mar 06 02:35:52 +0000 2025,0,22
318,grenadepin,qkai and gin is tge baby,Fri Mar 07 21:01:50 +0000 2025,3,7
319,Snxpemakeitblow,When Kai Cenat got mad &amp; pressed Ray about him smoking weedğŸ˜­ğŸ˜­ https://t.co/cCIgsf1Ycy,Fri Mar 07 19:28:12 +0000 2025,9,212
320,ArchiveAMP,Kai Cenat &amp; Agent stopped to help a random car on the side of the road to find them having s*x in the backseat ğŸ˜­ğŸ˜­ğŸ¤£ https://t.co/ScnENGO9Li,Wed Mar 12 03:37:36 +0000 2025,2,10
321,KaiCenatHQ,Never forget this Legendary Kai Cenat clip with the rat that he recently mentioned on the Jimmy Fallon Show ğŸ˜‚ https://t.co/Fs12Jahtyn,Fri Mar 07 00:09:38 +0000 2025,1,15
322,FearedBuck,Kai Cenat talks about how he and AMP created the word â€œRizzâ€ while on The Tonight Show Starring Jimmy Fallon ğŸ˜­ğŸ”¥ https://t.co/SAScHGKite,Thu Mar 06 05:09:10 +0000 2025,163,3921
323,OfficeDrummer,"ğŸ¤¯ #amp #kaicenat #tone 
The next day after receiving this care package I was in an elevator and got complimented on my cologne. It was actually just the coconut deodorant ğŸ™Š, which Kai said was his favorite https://t.co/iMwFnrksur",Mon Mar 10 18:24:48 +0000 2025,39,1609
324,nicekicks,"Nike partner, Kai Cenat, scored a goal in adidas F50 cleats in the Sidemen Charity Match âš½ï¸ğŸ‘€ https://t.co/zAyoyqLn3F",Wed Mar 12 18:22:09 +0000 2025,2,27
325,Taye0121,"As a first generation born American from Trinidad ğŸ‡¹ğŸ‡¹ I agree 100%. Kai Cenat was on some bullshit with those comments. His vernacular, his mannerisms, his fashionâ€¦ that is all influenced by Black American cultureâ€¦",Mon Mar 10 15:22:38 +0000 2025,2,7
326,ItsNotHarold,"Kai Cenat is a very unique brand of ugly. Like his face looks like heâ€™s about to lay in a coffin, real funeral-ish vibes.",Thu Mar 06 16:28:41 +0000 2025,0,8
327,Complex,"Kai Cenat Compares Prepping for Marathon Streams to NBA Finals: 'I'm Going Out There to Win'

Full details here: https://t.co/oQeQq1qCWe https://t.co/zGrKDfHBFV",Thu Mar 06 17:07:02 +0000 2025,2,16
328,ihybeto,When Streamer Kai Cenat got his camera grabbed by a random person in the store and things got heated ğŸ˜³ https://t.co/TzfKH87NWe,Tue Mar 04 20:20:00 +0000 2025,25,1223
329,johnhawkinsrwn,"@DelusionPosting In all fairness, I have no idea how people sit around watching Kai Cenat overreact to everything all day long either.",Thu Mar 06 15:27:01 +0000 2025,0,62
330,breeeezymunoz,Dis lil nigga is 16 year old Kai cenatğŸ˜­ğŸ˜­ğŸ˜­ğŸ˜­ğŸ˜­,Wed Mar 05 01:45:04 +0000 2025,0,35
331,cloudgowon,can someone do an edit where kai cenat isnâ€™t there,Tue Mar 11 05:33:30 +0000 2025,0,4
332,urfavpookieee,crazy lineup wdym kai cenat and inhaler im so,Wed Mar 05 23:20:14 +0000 2025,0,6
333,TheClipBot,"Kai Cenat gives an update on Streamer University! 

â€œItâ€™s sooner than you thinkâ€ ğŸ« https://t.co/qor4Q4Ex1U",Wed Mar 12 02:09:54 +0000 2025,0,44
334,MisterBovine,This Kai Cenat &amp; Speed at Sidemen charity match is absolute cinema. It is the 4 most watched Adidas TikTok in less than 20 hours. https://t.co/zhEKPgGO4D,Tue Mar 11 15:34:48 +0000 2025,1,3
335,otmnemo,"Kai Cenat vs Adin Ross debate can be easily compared to Drake vs Kendrick.

Drake ignited the industry such did Adin Ross with Twitch and streaming then Kendrick carried the flame such as Kai Cenat.

But this defamation of Adin Ross is truelly pathetic even if he can be corny.",Fri Mar 07 19:18:08 +0000 2025,0,2
336,nofreeridee,I just woke up from a dream that me and my friend met ishowspeed but my friend kept on calling him Kai Cenat and nobody corrected him wow that was so embarrassing m,Thu Mar 06 14:26:51 +0000 2025,0,9
337,Complex,"IShowSpeed Outruns Kai Cenat, Logan Paul, and More in MrBeastâ€™s â€˜Largest Treadmillâ€™ Challenge

Full details here: https://t.co/Kahz7VcKMs https://t.co/tCeiAVULRF",Sun Mar 09 22:44:10 +0000 2025,1,22
338,jakebuuschh,RIP Around the Horn. Day time ESPN needed Kai Cenat ğŸ™,Thu Mar 06 16:03:16 +0000 2025,0,2
339,SRK00LISMUS,The 1st and 4th seed just played  on national tv yesterday and they have Kai cenat participating in the goat debateğŸ’”ğŸ’”ğŸ’”,Thu Mar 06 16:38:42 +0000 2025,2,7
340,Popplayzz1,Kai Cenat and Ishowspeed vibing to Eminem before Sidemen charity match https://t.co/b5RFjhRxLa,Sat Mar 08 14:05:39 +0000 2025,3,24
341,kickclipslive,Kai Cenat opens Diddyâ€™s oily whip gift ğŸ˜³ https://t.co/UMLZYlB9al,Thu Mar 06 21:02:04 +0000 2025,1,34
342,notomiwa,Ik Kai cenat looks at his girlfriend and sighs every morning,Tue Mar 11 11:44:50 +0000 2025,0,5
343,_ashisogijizo,"Just imagined Lewandowski in Kai Cenat's position with that high xG chance

https://t.co/1pYNO1W9GU",Sat Mar 08 17:34:06 +0000 2025,5,26
344,Vreedance16,Nogs in the university lounge watching Kai cenat streams on the tv on full blast while Iâ€™m trying to complete readings for class holy shit Iâ€™m about to chud out,Mon Mar 10 16:52:50 +0000 2025,1,8
345,kidafirstson,Kai Cenat with more goals than Hojlund this year Iâ€™m hearing?ğŸ’€,Sat Mar 08 16:50:15 +0000 2025,1,7
346,JakeSucky,"Kai Cenat goes on Jimmy Fallon the same day IShowSpeed goes on CBS Sports

No other streamer doing it like these two right now https://t.co/OcSgQ7PFC3",Thu Mar 06 16:59:41 +0000 2025,69,4619
347,Moochie763,Druski and Kai Cenat are both industry plant - no talent but were given a platform inspite accusations all bec they are both backed by Diddy! Kai is just clouting on Speed they're not friends.,Tue Mar 11 14:33:57 +0000 2025,2,159
348,_CoDiddy,I ignore Kai Cenat because he is loud and annoying AF.,Thu Mar 06 19:42:33 +0000 2025,3,8
349,Quadripolar_B,I like some of the Kai Cenat streams but what the fuck does he know about skin care,Tue Mar 11 23:20:55 +0000 2025,40,132
350,Maverick_SZN,@TheDunkCentral @FirstTake @awfulannouncing This is why the NBA isnâ€™t taken seriously compared to the other leagues. Why do you have Kai Cenat on there on First Take lmao,Thu Mar 06 16:00:22 +0000 2025,251,14298
351,scubaryan_,Kai Cenat couldnâ€™t believe his eyes while watching RaKai bring a whole band into his OG Streaming Room called the â€œRed Roomâ€ just to play some NBA Youngboy ğŸ˜­ğŸ˜­ https://t.co/d1IgppiP00,Wed Mar 05 02:02:05 +0000 2025,937,29867
352,NotFranzWagner,Kai Cenat on First Take before Tomlin playoff win https://t.co/StEnOXyyhE,Thu Mar 06 18:14:24 +0000 2025,0,15
353,gwrldmedia,"ğŸš¨ Kai Cenat scores in the Sidemen Charity Match with an assist by Speed.

https://t.co/GQ56DXTzGS",Sat Mar 08 17:04:10 +0000 2025,1,13
354,TheyHoedMe,lol thatâ€™s all it isâ€¦ lmao Brony should be streaming like Kai Cenat rn,Fri Mar 07 22:43:09 +0000 2025,0,2
355,FearedBuck,Kai Cenat in shock as RaKai brings an entire band into his OG streaming room causing noise for the whole neighborhood ğŸ˜­ https://t.co/72oxd2Z4sa,Wed Mar 05 01:48:56 +0000 2025,435,20875
356,Boston_Says,See this why it needs to be a hardline between the streamers and actual TV. Kai Cenat just got on espn and said Leandro Barbosa is the ğŸ. Please keep that trolling shit off my tv,Thu Mar 06 15:31:57 +0000 2025,0,2
357,grenadepin,im gonna Do this to shin,Wed Mar 05 01:13:01 +0000 2025,1,9
358,AlexisVegaGOAT,Iâ€™m taking Kai Cenat over Santiago Gimenez  https://t.co/25GNzxYecV,Sat Mar 08 18:00:45 +0000 2025,1,56
359,ClipHubz,"When Bryce James called LeBron James and wanted to introduce Kai Cenat, Druski, and Tylil, but Kevin hart hung up on himğŸ’€ğŸ˜­
 https://t.co/sRUVgy4YnX",Fri Mar 07 00:58:27 +0000 2025,166,2064
360,Kaimafiaupdates,Kai Cenat gives a young fan his game-worn jersey after securing a win in the Sidemen Charity Match! ğŸ‘â¤ï¸ https://t.co/hbzEtR9ZAr,Sat Mar 08 17:58:23 +0000 2025,206,1137
361,Kaimafiaupdates,Kai Cenat Naruto running during the Sidemen GameğŸ˜­ https://t.co/qIKdpTe63X,Sat Mar 08 15:30:03 +0000 2025,366,6789
362,fcbharrison,Kai Cenat and Ishowspeed vibing to Eminem before Sidemen charity match https://t.co/nGwa0jtsEl,Sat Mar 08 15:55:11 +0000 2025,13,533
363,ModernNotoriety,"Kai Cenat pulled up to 'The Tonight Show with Jimmy Fallon' rocking Off-White ""Chicago"" Jordan 1s and a Supreme x Chito Varsity Jacket ğŸ¶ https://t.co/0ZX22rTHeq",Thu Mar 06 14:53:14 +0000 2025,16,259
364,BRKEMGLS,@Kaimafiaupdates @KaiCenat kaiâ€™s big but 900k is nowhere near â€œsuper bowl #â€™sâ€,Fri Mar 07 21:25:05 +0000 2025,0,18
365,APH00PS,"Clippers bench might be better off running a lineup of Kai Cenat, Duke Dennis, Flight Reacts, iShowSpeed, and Caseoh than whatever they got going rn",Wed Mar 05 05:01:02 +0000 2025,10,92
366,grenadepin,is tgis what white lily saw in the witches banquet,Tue Mar 04 23:50:31 +0000 2025,2,8
367,Giannis_An344,Having Kai Cenat on first take sums up the NBA media what a clown that kid is ğŸ˜­,Thu Mar 06 16:47:35 +0000 2025,0,13
368,ThatHashtagShow,"Gotham City is taken over by State Farm in a new cameo-loaded commercial with DC Comics characters.

-Jason Bateman as Bateman
-SZA as Catwoman
-Jordan Howlett as Gordon
-Kai Cenat and more

https://t.co/QmuvwRBB0e",Wed Mar 12 14:57:01 +0000 2025,7,49
369,sheedclips,Kai Cenat says iShowSpeed would be an amazing soccer player if he had accuracy &amp; powerğŸ‘€ https://t.co/jSxah7HtHI,Wed Mar 12 00:39:14 +0000 2025,4,139
370,Yonepatchi,Just learned that Kai Cenat and iShowSpeed arenâ€™t the same person.,Wed Mar 05 13:43:48 +0000 2025,0,24
371,TreyLAC_,Why is Kai Cenat on First Take,Thu Mar 06 18:16:18 +0000 2025,0,12
372,degencinema,"Kai Cenat crying on new Snapchat story after finding out his new girlfriend has been cheat*ng on him ğŸ‘€
https://t.co/t9Jns62ttx",Tue Mar 04 17:37:44 +0000 2025,25,474
373,skatedonem,Why would anyone buy skincare products fromâ€¦.*checks notes* Kai cenatâ€¦,Tue Mar 11 23:44:09 +0000 2025,0,8
374,VibeMagazine,"Kevin Hart Reveals Advice He Gave To Kai Cenat, Druski To Ensure Their Success In Entertainment https://t.co/NcZj7kqSBu",Sun Mar 09 21:00:07 +0000 2025,0,4
375,Agtesnx,@FearedBuck This is why the NBA isnâ€™t taken seriously compared to the other leagues. Why do you have Kai Cenat on there on First Take ğŸ’€,Thu Mar 06 16:22:16 +0000 2025,1,84
376,sheedclips,"Girlhefunny1x reacts to Kai Cenat telling Jimmy Fallon about the wild moment a rat ran across his room during his early streaming days

""how you gone k*ll the thing that made you famous""ğŸ˜­ https://t.co/ktTHrPtF3w",Thu Mar 06 05:41:34 +0000 2025,211,5821
377,DanzW0rld,100 journalists got laid off so Stephen A Smith can have goat debates against Kai Cenat,Thu Mar 06 22:05:00 +0000 2025,19,289
378,CantBeatAudel,Kai Cenat probably the only person that can beat Stephen A in a debate. ğŸ˜‚ğŸ˜­,Thu Mar 06 18:13:10 +0000 2025,1,4
379,AdinRossEmpire,"TikTok influencer Wendy Ortiz says Adin Ross has â€˜fallen offâ€™ after he offered her a boxing match on his BrandRisk cardğŸ˜¬

â€œI feel like Adin Ross kinda fell off, if it was Kai Cenat maybeâ€
https://t.co/PLrCH8S0w3",Sun Mar 09 23:31:39 +0000 2025,28,2777
380,Power1051,"Weâ€™re trying to get to the bottom of this on @breakfastclubam â€¦ ğŸ•µğŸ½â€â™€ï¸ 

Remember the viral moment on Kai Cenatâ€™s stream when Druski was called out for fat shaming that little boyğŸ‘€? Well, Druski blamed Kev on our show f, and now we need to hear Kevinâ€™s sideğŸ‘‚ğŸ½! 

Listen in ğŸ”Š! https://t.co/sq6QbAatxP",Fri Mar 07 18:03:34 +0000 2025,0,19
381,ChargeyyW,@FearedBuck So your telling me druski and Kai cenat are diddy fiddlers?,Mon Mar 10 01:27:36 +0000 2025,0,16
382,grenadepin,thjs is midori and rangers relationship jn My au https://t.co/qM7F40ZswF,Wed Mar 05 01:27:55 +0000 2025,3,13
383,miceonvenus,"The Fanum of the Opera is there....

With kai cenat",Fri Mar 07 23:34:42 +0000 2025,0,7
384,TheClipBot,Is it just me or do TV Cameras make Kai Cenat look smaller ğŸ˜­ğŸ˜‚ https://t.co/dsTNmfmyQX,Thu Mar 06 05:45:46 +0000 2025,4,226
385,TreexGod,"I mean, is she not the primary parent?? â€” also, she takes him to premieres &amp; he takes him to Kai Cenatâ€™s house. Of course she wonâ€™t let him take him out the country, he barely do right in the states ğŸ˜†",Sat Mar 08 13:23:42 +0000 2025,1,6
386,TrustSwisho,Why is Kai Cenat on first take.,Thu Mar 06 16:03:17 +0000 2025,2,32
387,BurgundyBarbie,Fuck pretty vee.. fuck Kai cenat fuck b Simoneâ€¦ fuck druski and fuck madea,Sat Mar 08 23:18:22 +0000 2025,0,2
388,CoreyB08,"You brought Kai Cenat on your show to talk sports please just stop.

Youâ€™re also a habitual liar. â€œLonzo canâ€™t even get out of a chair.â€ 

Durant has even called you a liar lol",Fri Mar 07 01:50:25 +0000 2025,1,6
389,grenadepin,thats npt even what the original problem wasğŸ˜­ğŸ˜­ğŸ˜­ the issue everyone had with the song isnt that it was sexual its because they were using a real childs voice to sing a sexual song. now the problem is fixed,Tue Mar 11 11:10:12 +0000 2025,5,32
390,timsenna,Kai Cenat and Inhaler is such a wild crossover,Wed Mar 05 23:55:52 +0000 2025,0,3
391,ItsBucnPrinny,Kai Cenat after seeing Druski be part of the Diddy scandal https://t.co/0IGqBTdQO8,Mon Mar 10 01:26:57 +0000 2025,0,3
392,JustFreshKicks,Kai Cenat wore â€œChicagoâ€ Off-White x Air Jordan 1s on the Tonight Show ğŸ”¥ https://t.co/zC9wEHQ71r,Thu Mar 06 19:42:19 +0000 2025,5,141
393,suayrez,@FearedBuck The insane motion that Kai Cenat is getting is crazy bro ğŸ’€ https://t.co/t8NtLm5VM4,Thu Mar 06 15:35:35 +0000 2025,0,29
394,GhaziTwaissi,"ğŸ´ó §ó ¢ó ¥ó ®ó §ó ¿ Ethan
ğŸ´ó §ó ¢ó ¥ó ®ó §ó ¿ Tobi
ğŸ´ó §ó ¢ó ¥ó ®ó §ó ¿ JJ
ğŸ´ó §ó ¢ó ¥ó ®ó §ó ¿ Simon
ğŸ´ó §ó ¢ó ¥ó ®ó §ó ¿ Harry
ğŸ´ó §ó ¢ó ¥ó ®ó §ó ¿ Josh
ğŸ´ó §ó ¢ó ¥ó ®ó §ó ¿ Vikk
ğŸ‡ºğŸ‡¸ Fanum
ğŸ‡¦ğŸ‡º LazarBeam
ğŸ‡ºğŸ‡¸ Kai Cenat
ğŸ‡ºğŸ‡¸ StableRonaldo
ğŸ´ó §ó ¢ó ¥ó ®ó §ó ¿ George Clarke
ğŸ´ó §ó ¢ó ¥ó ®ó §ó ¿ Chip
ğŸ´ó §ó ¢ó ¥ó ®ó §ó ¿ Calfreezy
ğŸ´ó §ó ¢ó ¥ó ®ó §ó ¿ Niko Omilana
ğŸ´ó §ó ¢ó ¥ó ®ó §ó ¿ Angry Ginge
ğŸ´ó §ó ¢ó ¥ó ®ó §ó ¿ Jme
ğŸ´ó §ó ¢ó ¥ó ®ó §ó ¿ ChrisMD
ğŸ´ó §ó ¢ó ¥ó ®ó §ó ¿ Joe Weller
ğŸ´ó §ó ¢ó ¥ó ®ó §ó ¿ Max Fosh
ğŸ´ó §ó ¢ó ¥ó ®ó §ó ¿ Manny
ğŸ´ó §ó ¢ó ¥ó ®ó §ó ¿ WillNe
ğŸ´ó §ó ¢ó ¥ó ®ó §ó ¿ Callux
ğŸ´ó §ó ¢ó ¥ó ®ó §ó ¿ Chunkz
ğŸ‡ºğŸ‡¸ Mark Rober
ğŸ‡ºğŸ‡¸",Tue Mar 04 21:42:49 +0000 2025,22,1437
395,vvsrak,Kai Cenat got a leg cramp after the football match ğŸ˜­ https://t.co/ZW3S3t1j1m,Sun Mar 09 15:57:43 +0000 2025,0,3
396,Turker_2,"Enemies of civilization 

Elon and DOGE
-----------------------------------------------
RIP Andy Kai Cenat  #HD77 

https://t.co/w5wQuIid48",Thu Mar 06 17:50:08 +0000 2025,8,41
397,Yaboi_STAX,Anyone using Kai Cenat lotion deserves whateverâ€™s coming to them,Tue Mar 11 19:41:03 +0000 2025,4,27
398,centrismbased,"â€œMUSTAAAARRRRDDDâ€ moments 

A thread ğŸ§µ 
1.Lizzo screaming â€œMUSTARDâ€ on Kai cenatâ€™s livestreamğŸ™€ https://t.co/K9JxrrWv3H",Sun Mar 09 19:53:38 +0000 2025,1,5
399,thexavierjoseph,why are kai cenat and stephen a smith in the same room on my timeline,Thu Mar 06 16:12:00 +0000 2025,0,36
400,khelnowgaming,"Streamer Corey2U drops out of Georgia State University live on stream to chase a spot in Kai Cenatâ€™s streamer university. Fans remain skeptical about the bold move.

#KaiCenat #StreamerUniversity #Twitch #Kai https://t.co/E7neo1dBn7",Fri Mar 07 16:15:22 +0000 2025,0,2
401,scubaryan_,fans noticed that Kai Cenat was dealing with a leg cramp on the jumbotron during the interview video after the Sidemen Charity Match ğŸ˜­ğŸ˜­ https://t.co/g0pjZ4prvN,Sun Mar 09 16:24:57 +0000 2025,291,20426
402,jtd400,"Once again, there is no need for first take. They are up here having a goat debate (again, I know right) with Kai bloodclaaht Cenat.",Fri Mar 07 02:11:37 +0000 2025,0,2
403,pbcbencee,Carti Changed The Kai Cenat Post Caption To â€œ#IAMMUSICâ€ https://t.co/pHxPfvfVhK,Tue Mar 04 19:30:51 +0000 2025,0,5
404,CottonCandyyyx,John pork rizzing the huzz while Kai cenat goons to nba youngboys beautiful voice,Sun Mar 09 21:51:35 +0000 2025,2,5
405,GG33Ram33,"22 life path snake Kai Cenat 

started streaming 2021 year of the ox

build himself up to the point heâ€™s at right now. 

literally seen him in a State Farm Ad a few minutes ago snake in a snake year. 

itâ€™s always there ğŸ‘ï¸",Thu Mar 06 19:40:50 +0000 2025,1,42
406,destroynectar,SPEED HAS ASSISTED KAI CENAT https://t.co/8M9pQl277u,Sat Mar 08 16:47:05 +0000 2025,3,184
407,daddyowenmusic,"Recently, YouTubers and influencers filled Wembley for a match, while Kai Cenatâ€™s goalâ€”assisted by IShowSpeedâ€”garnered more reactions on Adidas' platform than professional footballers. Does this signal a shift in who the real superstars are?",Wed Mar 12 17:41:38 +0000 2025,1,4
408,wusto,Kai Cenat haters after hearing the Druski news: https://t.co/CbWxHOmAio,Mon Mar 10 02:22:48 +0000 2025,0,6
409,ESPNFC,"SPEED WITH A LOVELY SKILL AND ASSIST TO KAI CENAT FOR THE YOUTUBE ALLSTARS ğŸ˜®â€ğŸ’¨

THEY ARE COOKING ğŸ”¥ https://t.co/y35pXPcddc",Sat Mar 08 16:55:36 +0000 2025,1006,27720
410,flowzki,"the problem is that we use to think all fingers are equal and that $11 is small money, whereas itâ€™s what so many of these people bank on.. no be everybody be rich kid like you ğŸ˜‚ğŸ™ŒğŸ¼  iâ€™m sure they laughed kai cenat when he first started streaming until he started seeing millions.",Tue Mar 11 14:20:27 +0000 2025,45,58
411,grenadepin,ijsut Realizedthis was for This account Not dailykai. but i Dont Go out of my way to follow lolisho but Neither do i block. i have no dni because i Dont care unless they've done something actually bad https://t.co/DE4OgREuw4,Wed Mar 12 11:32:13 +0000 2025,0,10
412,KaiCenatHQ,Someone sent Kai Cenat a very old Comic Book that was worth 75c at the time ğŸ˜³ğŸ‘€ https://t.co/osHDWS4YZC,Thu Mar 06 12:47:22 +0000 2025,0,19
413,Karceno,Karceno respond to Kai Cenat on First Take https://t.co/nAEnJIXfXy via @YouTube #kaicenat #firsttake #kwamebrown #LeBron,Fri Mar 07 02:25:14 +0000 2025,2,11
414,AdinReports,"Adin Ross reveals he reached out to top streamers such as Kai Cenat FaZe and other streamers to help him out with his unban but was sad after FaZe were the only people to help him out.
https://t.co/qZ65Wasrvu",Wed Mar 05 22:31:51 +0000 2025,51,3291
415,nycdizzy,Please no kai cenat hes not a comedian,Wed Mar 05 01:54:07 +0000 2025,4,171
416,Fletchtopher,First Take has Kai Cenat on the show right nowâ€¦ how old is Kai Cenatâ€™s target audience &amp; what might they be doing at 10:30 on a Thursday morning? This is so ridiculous.,Thu Mar 06 15:35:52 +0000 2025,3,12
417,Kaimafiaupdates,Kevin Hartâ€™s Advice to Kai Cenat and DruskiğŸ”¥ğŸ‘ğŸ¾ https://t.co/APYXkKFIBC,Fri Mar 07 17:02:53 +0000 2025,1455,18571
418,cloutbay,The sad moment Tyla FRIEND ZONED Kai Cenat live on stream ğŸ˜­ https://t.co/3Jzhy2E63q,Sun Mar 09 18:33:07 +0000 2025,16,123
419,gaamerwolfboy,i will be the next kai cenat,Sat Mar 08 16:44:01 +0000 2025,0,7
420,iamntyrell,"Who in their right mind would trust Kai Cenat for, wait for it, skincare?

Even trusting Lynx/Axe in this terrain is shortsighted. If you donâ€™t get on those Korean skin care products and be serious",Wed Mar 12 09:22:53 +0000 2025,0,6
421,IrishByAMillion,Speed on champions league postgame yesterday. Just turned on first take to Kai Cenatâ€¦ https://t.co/7wYJQAzVD8,Thu Mar 06 15:40:44 +0000 2025,0,4
422,thawisconsinkid,"@LegendOfWinning The 6th youngest to achieve that feat 

 But niggas got Kai cenat having LeBron vs MJ 
debates that network is cooked",Thu Mar 06 21:34:56 +0000 2025,12,555
423,LitFamousYT,"Saying specifically kai cenat is so insane bro, this is AMPs brand",Tue Mar 11 17:57:55 +0000 2025,0,3
424,grenadepin,Name 5 things about ğŠğšğ¢ ğ’ğšğ­ğ¨ğ® that isn't diddy,Wed Mar 12 18:29:23 +0000 2025,1,5
425,ABuford17,"Kai Cenat is on sports television. The game is gone, we have truly lost our minds",Thu Mar 06 16:12:49 +0000 2025,1,3
426,RedKeyDri,what the actual fuck is kai cenat doing on first take??? this the shit we be talking about man,Thu Mar 06 16:39:45 +0000 2025,0,5
427,NarumangoX,"@ESPNFC Speed Goal 
Josh Goal 
KSI performing thick of it
Ginge goal 
Kai Cenat goal

Are you not entertained? https://t.co/v3T0wDidBO",Sat Mar 08 16:57:57 +0000 2025,3,93
428,suayrez,@scubaryan_ Kai Cenat became the second AMP member to do the Tonight Show... Duke Dennis was on in 1986,Thu Mar 06 14:24:14 +0000 2025,0,86
429,callX0utmyname,how do people find Speed and Kai Cenat funny?? ğŸ˜­ğŸ˜­ğŸ˜­ dumb ass american humour,Wed Mar 12 14:01:37 +0000 2025,0,6
430,Kaimafiaupdates,"Kai Cenat talks about wanting Travis Hunter to get drafted by the New York Giants! ğŸ‘€

â€œI want to see New York City really get active and win something!â€
https://t.co/qiAzzc2Q59",Thu Mar 06 19:39:01 +0000 2025,21,580
431,superiorsantina,surely there isn't much overlap between first take watchers and kai cenat fans,Thu Mar 06 17:21:19 +0000 2025,0,7
432,semiauto155,"Man ESPN/Sportscenter was the shit when Dan Patrick, Keith Olbermann and Stuart Scott were there. 

Who TF wants to watch Stephen A Smith and Kai Cenat debate Jordan vs Lebron? Bruhhh ğŸ˜´ ğŸ˜´ https://t.co/g3XGj19kYM",Thu Mar 06 22:21:56 +0000 2025,0,7
433,Vinod_r108,@FearedBuck ISHOWSPEED ASSISTS KAI CENAT FOR A GOAL AT THE SIDEMEN CHARITY MATCH ğŸ˜­ğŸ”¥ https://t.co/Ew82KjtPFZ,Sat Mar 08 22:23:48 +0000 2025,3,128
434,grenadepin,can spmebody draw kai like This https://t.co/fubaPxQOrs,Thu Mar 06 00:47:47 +0000 2025,1,6
435,RaptorsPG,"Speed, Fanum and Kai Cenat winning a trophy before Harry Kane
https://t.co/c3KEDFiw6D",Sat Mar 08 17:45:48 +0000 2025,0,4
436,TheClipBot,Agent just took out Kai Cenatâ€™s camera ğŸ˜‚ğŸ¥ https://t.co/SVUGuptUWj,Wed Mar 12 02:02:55 +0000 2025,5,147
437,PlentyDarius,This is where sports media is now. Kai Cenat is on ESPN,Thu Mar 06 16:43:28 +0000 2025,3,3
438,saninotagain,"â€œWhere you get your deodorant from?â€ 

â€Kai Cenatâ€

Like oh!",Wed Mar 12 05:51:33 +0000 2025,1,14
439,StreamersEra,"Kai Cenat looking like a natural on the field in the Sidemen Charity Match ğŸ˜­ğŸ˜­
 https://t.co/6F2bn4FwaK",Sat Mar 08 15:14:38 +0000 2025,0,59
440,knowncapo,Duke Dennis was in TEARS laughing at Kai Cenat's full name ğŸ˜­ https://t.co/MJhe3VqPWy,Tue Mar 11 18:20:51 +0000 2025,116,3133
441,khromthree,How do I short Kai Cenat?,Thu Mar 06 05:51:32 +0000 2025,0,5
442,PrimeTimeKG_,I honestly never thought I'd see Kai Cenat on ESPN lol but here we are I guess. Really cool to see! https://t.co/EFwDQqhAoh,Thu Mar 06 16:59:29 +0000 2025,0,3
443,SlatDontMiss,Kai Cenat gifts a young fan his game worn jersey after having a legendary game at the sidemen charity match â¤ï¸ https://t.co/Rk4St5yU8T,Sat Mar 08 17:52:52 +0000 2025,20,1030
444,ItsMiiCC,The concept of Kai Cenat skincareâ€¦ğŸ˜­,Tue Mar 11 23:32:05 +0000 2025,1,5
445,kickclipslive,Kai Cenatâ€™s petty meltdown over Adin Rossâ€™ alleged fake Kick offersâ€”jealousy or just a clown show? ğŸ‘€ https://t.co/v0SJ5j0WmK,Tue Mar 04 07:09:17 +0000 2025,0,23
446,yoxics,@AMPexclusive @KaiCenat wtf is Kai doing ğŸ˜­ https://t.co/zyiA67ZzdA,Sat Mar 08 15:58:39 +0000 2025,7,385
447,YusefClipz,Agent 00 live reaction to Kai Cenat scoring in the Sidemen Charity Match ğŸ˜‚ğŸ”¥ https://t.co/0tdLfoCCl4,Sat Mar 08 21:42:53 +0000 2025,2,14
448,Kaimafiaupdates,Kai Cenat with a amazing follow up following speeds attemp on goal to make it 8-6 to the YouTube All StarsğŸ”¥ğŸ¤¯ https://t.co/aYFvlRPRPD,Sat Mar 08 16:48:47 +0000 2025,115,1869
449,Vinod_r108,@destroynectar Druski couldn't stop laughing after Kai Cenat told Kevin Hart and Druski that Diddy was his neighbor! ğŸ˜‚ https://t.co/nL0RZKBKhS,Mon Mar 10 23:29:46 +0000 2025,3,18
450,marcell_lll,Kai cenat is so ugly.. wow,Fri Mar 07 23:43:54 +0000 2025,0,2
451,VibeMagazine,"Kevin Hart Reveals Advice He Gave To Kai Cenat, Druski To Ensure Their Success In Entertainment https://t.co/NcZj7kqSBu",Fri Mar 07 22:00:10 +0000 2025,0,3
452,SpeedCentel,"Kai Cenat said what about learning to score??

Shoutout Fiona you a W https://t.co/rbOJWccDWE",Sat Mar 08 13:38:34 +0000 2025,1,22
453,cliphotspot,DDG says Kai Cenat is the reason he recently started praying to god more after seeing Kai talk about the importance of prayer on The Jimmy Fallon Show â¤ï¸â€ğŸ”¥https://t.co/CaDUMdKayc,Fri Mar 07 03:18:44 +0000 2025,196,3901
454,Kaimafiaupdates,State Farm recently dropped a short commercial featuring Kai Cenat in Gotham City on their TikTok! ğŸ‘€ğŸ”¥ https://t.co/B0mfnbr4Ia,Thu Mar 06 20:19:40 +0000 2025,182,3627
455,run2jules,yeah i do it big like kai cenat head,Mon Mar 10 23:41:52 +0000 2025,0,3
456,ryelin_johnson,"â€œNever been embarrassed to wear the same fit twice, never been embarrassed to have 1 pair of shoes , Never been embarrassed to struggle. You gotta go through hard times before you live lavish. I know itâ€™s on the way so i'm forever humble.â€ - Kai cenatâ€¼ï¸",Wed Mar 05 00:04:38 +0000 2025,0,3
457,Rocket_kid7,Get Kai Cenat out off espn bruh,Thu Mar 06 15:34:33 +0000 2025,0,4
458,Trendsette30515,"Kai Cenat is a generational talent.
Just before the game , he was googling how to score a goalğŸ¤£",Sat Mar 08 17:08:15 +0000 2025,0,8
459,Bei_Wunda,Kai Cenat has no business being on ESPN bro,Thu Mar 06 15:29:47 +0000 2025,1,2
460,Only1_Rasta,They brought out Kai Cenat to argue LeBronâ€™s vs Jordan u canâ€™t make this shit up https://t.co/ozsk3qkGsW,Thu Mar 06 23:33:36 +0000 2025,0,57
461,qiyoku222,the guy sitting next to me is watching a kai cenat stream https://t.co/7bwNzeuMBS,Thu Mar 06 21:37:29 +0000 2025,0,8
462,Markhenry0l,"Kai cenat fucked up streaming  .
He got everybody thinking they can be ray",Tue Mar 04 17:03:24 +0000 2025,0,36
463,Itzz_Ozz,â€œKai Cenatâ€ talking about hoops in 2025â€¦â€¦ https://t.co/F5eQUL8MFo,Thu Mar 06 19:04:59 +0000 2025,1,5
464,Chiilll00,Kai fucking cenat scoring before you https://t.co/7JZKFZHXcu,Sat Mar 08 16:46:54 +0000 2025,0,62
465,718Territory,"â€œI just made 700 thousand sittin in a room, feel like Iâ€™m Kai cenatâ€ â€¦. FREE TORY â˜‚ï¸â˜‚ï¸â˜”ï¸â˜”ï¸ https://t.co/HHAdmWXMn8",Fri Mar 07 16:29:03 +0000 2025,0,14
466,BillySundown,"Kai Cenat Streamer University 

Goal: make other streamers big and small more successful 

Applications start soon

https://t.co/2pWle9m8BH",Fri Mar 07 13:54:31 +0000 2025,0,3
467,O_ufuoma7,"lol if you donâ€™t understand social engineering just say soâ€¦ itâ€™s the same reason Ronaldo met Mr Beast, same reason ishowspeed was on a CBS and Kai Cenat was on Jimmy Kimmel. If you donâ€™t understand social media up till now you wonâ€™t ever get it.",Fri Mar 07 08:47:07 +0000 2025,0,3
468,CFC_dennoh,Kai Cenat  looking up tutorials on how to score a GOALâ€¦ https://t.co/ZbHjhFc6lg,Sat Mar 08 16:13:03 +0000 2025,1,6
469,jacksonblaze888,@TheDunkCentral @FirstTake @awfulannouncing Kai Cenat spoke for Gen Zâ€¦ we move https://t.co/2mCqh96FwO,Thu Mar 06 16:54:57 +0000 2025,0,29
470,fundzondeck,"Stop getting sidetracked by shit that ain't your business

y'all are locked in on shit that don't even touch your life

kai cenat starting another marathon
speed visiting another country
immigrant incident this

WHO GIVES A FUCK NIGGA

keep your eyes on YOU and go get some money",Mon Mar 10 23:17:16 +0000 2025,0,7
471,RareKlutch,"DDG said Kai Cenat inspired him to pray to God more &amp; was shocked when things in his life started heading in the right direction â¤ï¸ğŸ™
 https://t.co/6fbzRe6ZEo",Fri Mar 07 19:32:38 +0000 2025,0,4
472,CambriaTheGreat,Kai Cenat is so loud. ğŸ¥´,Thu Mar 06 15:35:20 +0000 2025,0,2
473,DaltonRichard17,@517to214 @uhallgrovetop He gone be living his best life in LA while we watching Kai Cenat hoop for our team hoping to god whoever we trade our pieces off give us good picks https://t.co/BmTNG0M4iK,Mon Mar 10 02:53:33 +0000 2025,0,4
474,sampierat,i hate how kai cenat is still popular fuck that queerphobic loser,Thu Mar 06 19:20:04 +0000 2025,0,4
475,1111meo,KAI CENAT PLEASE SAVE US,Fri Mar 07 20:49:13 +0000 2025,0,3
476,001Sports_,A crazy assist from Speed to give Kai Cenat the Goal. #sidemenCharityMatch https://t.co/4bw92dKDwW,Sat Mar 08 16:53:10 +0000 2025,0,18
477,ryryfrys,For sure I'd give it all to Kai cenat,Thu Mar 06 16:08:44 +0000 2025,0,2
478,EmanThe1st,Iâ€™m seeing the script Kai Cenat scores then The Asian Kai Cenat scores,Sat Mar 08 16:52:21 +0000 2025,0,9
479,kingofc0m,what a challenge from kai cenat https://t.co/tfLfJfUwUD,Sat Mar 08 15:25:56 +0000 2025,0,4
480,factostats,@FearedBuck When Kai Cenat called IShowSpeed and stopped him from throwing up gang signs in NYC ğŸ™ğŸ’¯ https://t.co/BNB2MlVFvA,Fri Mar 07 15:01:24 +0000 2025,1,8
481,grenadepin,THIS IS MY SIGN TL NEVER EVER OPEN COMMS,Sun Mar 09 10:25:00 +0000 2025,0,2
482,HutterBen,@LakeShowYo Unpopular opinion: I don't like Kai Cenat,Thu Mar 06 17:54:00 +0000 2025,0,32
483,emocatkey843265,Ainâ€™t no one looking at damn Kai Cenat,Sun Mar 09 19:55:16 +0000 2025,1,2
484,Rlop1234Goat,Kai Cenat on First Take fighting with Stephan A Smith is wild ğŸ˜­  https://t.co/JVzYwlHhXa,Thu Mar 06 17:01:57 +0000 2025,1,12
485,imreasonn,"Kai cenat reposted my Video â¤ï¸ğŸ”’if yall havenâ€™t already go run this up for me

https://t.co/SjB1N0w6ZJ https://t.co/OGAVTL0zat",Sun Mar 09 18:19:22 +0000 2025,0,2
486,AlexanderVgr8s,Kai Cenat please save us ğŸ˜‚ğŸ˜‚ğŸ‘Œ https://t.co/MhNv67FisT,Thu Mar 06 11:06:36 +0000 2025,0,3
487,otmnemo,"@Kick_Champ Kai Cenat vs Adin Ross debate can be easily compared to Drake vs Kendrick.

Drake ignited the industry such did Adin Ross with Twitch and streaming then Kendrick carried the flame such as Kai Cenat.

But this defamation of Adin Ross is truelly pathetic even if he can be corny.",Fri Mar 07 19:17:57 +0000 2025,0,58
488,RareKlutch,"Kai Cenat doing the Naruto run during the Sidemen Game ğŸ˜­
 https://t.co/t9eF3OAfxI",Sat Mar 08 15:50:24 +0000 2025,1,8
489,LLDree_,"man Kai Cenat on First Take, that young nigga got it man",Thu Mar 06 15:29:03 +0000 2025,0,3
490,Fire__Monkey23,@stephenasmith @FirstTake You got cooked by kai cenat and bron on the same day. No need to address anything. Just go back to your hiding hole and stay in the corner https://t.co/zYc9elahXO,Fri Mar 07 14:24:06 +0000 2025,0,3
491,sergio_de_ennin,Kai Cenat searching up goal tutorials before the start of the match ğŸ˜‚ğŸ˜‚ https://t.co/OFAx28jpfL,Sun Mar 09 08:06:38 +0000 2025,0,4
492,dubseasports,#WATCH: Kai Cenat hops on ESPNâ€™s â€˜First Takeâ€™ and claims some people have compared his game to Jamal Crawford ğŸ˜­ğŸ¤¥ https://t.co/bfFGHJRZZX,Fri Mar 07 04:26:31 +0000 2025,0,2
493,RareKlutch,Kevin Hart speaks on the advice he gave to Kai Cenat and Druski during an interview ğŸ”¥ https://t.co/hC1RJp5RDW,Fri Mar 07 18:53:41 +0000 2025,0,9
494,e1hab_az,"most subbed asian twitch streamer of all time, second youngest twitch streamer to hit 100k subs, asian kai cenat, rizz connoisseur, part of faze, need i say more? yes im sucking on it",Tue Mar 04 21:56:42 +0000 2025,0,70
495,TheTwitchverse,"Kai Cenat looks up tutorials on how to score a GOAL right before the football/soccer gameğŸ˜­
 https://t.co/XcH9IulHjo",Sat Mar 08 15:32:44 +0000 2025,0,4
496,Jephthah_xx,"Speed going unstoppable with an insane assist to Kai Cenat ğŸ¥¶ğŸ”¥ğŸ”¥
https://t.co/kcwfC3tOLf",Sat Mar 08 19:27:06 +0000 2025,0,9
497,damiactivated,@Agtesnx @Twitch @KaiCenat You in every comment section about Kai. Youâ€™re his biggest fan,Thu Mar 06 01:10:24 +0000 2025,0,21
498,StreamUpdates7,"@IShowSpeedHQ Seeing Speed Give An Assist To Kai Cenat To Make His First Ever Goal In The Sidemen Charity Match Is Insane They Both Made History ğŸ”¥ğŸ”¥
https://t.co/SwmcqCRtVR",Sat Mar 08 16:53:11 +0000 2025,7,48
499,randylahey0,"You just had Kai Cenat on your show, your opinion is invalid",Fri Mar 07 06:18:44 +0000 2025,0,2
500,LaymanLeftist,@narcissiszt @scubaryan_ @KaiCenat Didnâ€™t Aiden literally have a campaign trying to get people off twitch and calling people like KAI slaves for not wanting to leave an join Kick?,Thu Mar 06 02:09:54 +0000 2025,0,44
