Rank,Name,Display Name,ID,Description,Profile Image URL,View Count,Image Path
1,KAICENAT,,,,,,
2,CAEDREL,,,,,,
3,ZACKRAWRR,,,,,,
4,JYNXZI,,,,,,
5,HASANABI,,,,,,
6,PLAQUEBOYMAX,,,,,,
7,CASEOH_,,,,,,
9,SUMMIT1G,,,,,,
14,TIMTHETATMAN,,,,,,
15,LACY,,,,,,
16,AMINEMATUE,,,,,,
17,PIKABOOIRL,,,,,,
18,STABLERONALDO,,,,,,
19,XQC,xQc,71092938,THE BEST AT ABSOLUTELY EVERYTHING. THE JUICER. LEADER OF THE JUICERS.,https://static-cdn.jtvnw.net/jtv_user_pictures/xqc-profile_image-9298dca608632101-300x300.jpeg,0,streamer_images/XQC.jpg
20,TARIK,tarik,36340781,ayo.,https://static-cdn.jtvnw.net/jtv_user_pictures/f04d2a14-8d63-4cd5-a469-7ec2cd6e5ce3-profile_image-300x300.png,0,streamer_images/TARIK.jpg
21,OHNEPIXEL,ohnePixel,43683025,"ANYTHING CS2, CSGO, CS:GO, COUNTER-STRIKE, COUNTER-STRIKE 2, CS:2, COUNTER STRIKE, COUNTER STRIKE 2 OR WHATEVER YOU WANNA CALL IT.",https://static-cdn.jtvnw.net/jtv_user_pictures/5742b015-e6ed-4f7c-a1dd-87cd88fe1eb9-profile_image-300x300.png,0,streamer_images/OHNEPIXEL.jpg
22,JASONTHEWEEN,jasontheween,107117952,Hi Im Jason ; contact: Jason@unitedtalent.com,https://static-cdn.jtvnw.net/jtv_user_pictures/a04be2b0-9cc1-403c-a4b0-47b32d1fe640-profile_image-300x300.png,0,streamer_images/JASONTHEWEEN.jpg
23,YOURRAGEGAMING,yourragegaming,36926489,business email: yrg@night.co ,https://static-cdn.jtvnw.net/jtv_user_pictures/70c63d12-ecae-485c-9bca-3d3f3ad5782a-profile_image-300x300.png,0,streamer_images/YOURRAGEGAMING.jpg
25,VALKYRAE,Valkyrae,79615025,new streamer for fun,https://static-cdn.jtvnw.net/jtv_user_pictures/d106e6cbf2483610-profile_image-300x300.png,0,streamer_images/VALKYRAE.jpg
26,MIZKIF,Mizkif,94753024,FOR SPONSORS : mizkif@mythictalent.com,https://static-cdn.jtvnw.net/jtv_user_pictures/ddd88d33-6c4f-424f-9246-5f4978c93148-profile_image-300x300.png,0,streamer_images/MIZKIF.jpg
27,SHROUD,shroud,37402112,I'm back baby,https://static-cdn.jtvnw.net/jtv_user_pictures/7ed5e0c6-0191-4eef-8328-4af6e4ea5318-profile_image-300x300.png,0,streamer_images/SHROUD.jpg
28,LIRIK,LIRIK,23161357,"We like to play everything, relax, and have a good time. ",https://static-cdn.jtvnw.net/jtv_user_pictures/38e925fc-0b07-4e1e-82e2-6639e01344f3-profile_image-300x300.png,0,streamer_images/LIRIK.jpg
29,THEBAUSFFS,Thebausffs,93869876,Challenger Full AD Sion Otp ,https://static-cdn.jtvnw.net/jtv_user_pictures/04c65db8-ef62-4fb5-8cff-09f0521de151-profile_image-300x300.png,0,streamer_images/THEBAUSFFS.jpg
33,GRUBBY,Grubby,20992865,"I love gaming the most when it is a shared experience with others. Coming together for an appreciation of gaming, competition and self improvement is what my stream is all about. You‚Äôre welcome to be a part of this community - drop a follow and stay and chill with us. GL & HF! ",https://static-cdn.jtvnw.net/jtv_user_pictures/6014f0e1-ff17-4f85-8078-6bbaa3100a13-profile_image-300x300.png,0,streamer_images/GRUBBY.jpg
34,EMIRU,Emiru,91067577,i wanna git gud and have a gud time ( ‚ñÄ ÕúÕû ñ‚ñÄ) =Œµ/ÃµÕáÃøÃø/‚ÄôÃø‚ÄôÃø Ãø ÃøÃø ÃøÃø ÃøÃø,https://static-cdn.jtvnw.net/jtv_user_pictures/c9f74581-c0e8-4638-8629-51dbfe401335-profile_image-300x300.png,0,streamer_images/EMIRU.jpg
35,GORGC,Gorgc,108268890,:),https://static-cdn.jtvnw.net/jtv_user_pictures/gorgc-profile_image-469e05d25a1e8594-300x300.jpeg,0,streamer_images/GORGC.jpg
36,MOONMOON,MOONMOON,121059319,LULW !!!!!,https://static-cdn.jtvnw.net/jtv_user_pictures/3973e918fe7cc8c8-profile_image-300x300.png,0,streamer_images/MOONMOON.jpg
37,LOLTYLER1,loltyler1,51496027,Season 6 Challenger | Most REFORMED Player NA | #1 Draven World ,https://static-cdn.jtvnw.net/jtv_user_pictures/f3591dbe4ee3d94b-profile_image-300x300.png,0,streamer_images/LOLTYLER1.jpg
38,NECROS,Necros,129625799,"Fall seven times, stand up eight",https://static-cdn.jtvnw.net/jtv_user_pictures/d129a627-ea3f-4188-af1e-c30e2a1725c9-profile_image-300x300.png,0,streamer_images/NECROS.jpg
39,ADAPT,Adapt,211234859,BEST TRICKSHOTTER EVER. FAZE CLAN.,https://static-cdn.jtvnw.net/jtv_user_pictures/3799fbb2-e701-4ae9-9a48-48214d31579b-profile_image-300x300.png,0,streamer_images/ADAPT.jpg
41,QUIN69,Quin69,56649026,Professional Kiwi Gamer.,https://static-cdn.jtvnw.net/jtv_user_pictures/2f5addde-fd0d-4a10-82a9-ea91ebb17f8d-profile_image-300x300.png,0,streamer_images/QUIN69.jpg
42,CLIX,Clix,233300375,"Hi, my name is Cody (Clix), I am a pro fortnite player (and the guy from Fortnite) who loves to stream and interact with fans. I stream whenever I can, and It would mean the world to me if you guys hit the follow button! ",https://static-cdn.jtvnw.net/jtv_user_pictures/f700cd74-e74c-42a4-ba5b-18efb486eb92-profile_image-300x300.png,0,streamer_images/CLIX.jpg
43,S1MPLE,s1mple,60917582,"Hey, my name is Oleksandr ""s1mple"" Kostyliev. For friends im Sasha",https://static-cdn.jtvnw.net/jtv_user_pictures/65232217-c113-40ce-aaa9-50b06a6ee8fa-profile_image-300x300.png,0,streamer_images/S1MPLE.jpg
44,TENZ,TenZ,70225218,Content Creator. Previously Professional VALORANT and CS:GO,https://static-cdn.jtvnw.net/jtv_user_pictures/dfb5c790-5ea6-4543-bc2b-0f5f79b1f959-profile_image-300x300.png,0,streamer_images/TENZ.jpg
46,PIRATESOFTWARE,PirateSoftware,151368796,"Hi, my name is Thor. I've been in the games industry since 2004. I worked for Blizzard Entertainment, Amazon Games Studios, the United States Department of Energy, and now I own my own studio called Pirate Software. I'm a game developer, a hacker, and a giant nerd. Ask me stuff!",https://static-cdn.jtvnw.net/jtv_user_pictures/9a1edcb1-7d62-48ab-b071-1ef64ab0f629-profile_image-300x300.png,0,streamer_images/PIRATESOFTWARE.jpg
47,EMONGG,Emongg,23220337,   ,https://static-cdn.jtvnw.net/jtv_user_pictures/76e05185-d15d-4818-9267-1806b05fa2d1-profile_image-300x300.png,0,streamer_images/EMONGG.jpg
48,FANUM,Fanum,139251406,WLTS!,https://static-cdn.jtvnw.net/jtv_user_pictures/730415ce-12c3-455f-8218-dfff65238c5b-profile_image-300x300.png,0,streamer_images/FANUM.jpg
49,ELAJJAZ,Elajjaz,26921830,"Never late, always deathless.",https://static-cdn.jtvnw.net/jtv_user_pictures/e85bf53e-8e0a-4a35-824d-d2958293c3a6-profile_image-300x300.png,0,streamer_images/ELAJJAZ.jpg
50,ARTEEZY,Arteezy,23364603,streamer that plays dota2live mon-fri 1:30pm to 8:30pm EST,https://static-cdn.jtvnw.net/jtv_user_pictures/af104c0f-f3b4-44cb-aee8-ebb0576d1077-profile_image-300x300.png,0,streamer_images/ARTEEZY.jpg
51,FORSEN,forsen,22484632,Approach with caution! No roleplaying or  tryharding allowed.,https://static-cdn.jtvnw.net/jtv_user_pictures/forsen-profile_image-48b43e1e4f54b5c8-300x300.png,0,streamer_images/FORSEN.jpg
52,IRONMOUSE,ironmouse,175831187,Im your cringe demon queen from VShojo,https://static-cdn.jtvnw.net/jtv_user_pictures/c2aca19b-b318-4398-99a5-fb6a597536fd-profile_image-300x300.png,0,streamer_images/IRONMOUSE.jpg
53,SODAPOPPIN,sodapoppin,26301881,"Wtf do i write here? Click my stream, or i scream.Business inquiries - sodapoppin@mythictalent.com",https://static-cdn.jtvnw.net/jtv_user_pictures/fc7b15b2-e400-4e74-8c8b-2ad3725e5770-profile_image-300x300.png,0,streamer_images/SODAPOPPIN.jpg
54,LUDWIG,Ludwig,40934651,honest prime farmer ,https://static-cdn.jtvnw.net/jtv_user_pictures/bde8aaf5-35d4-4503-9797-842401da900f-profile_image-300x300.png,0,streamer_images/LUDWIG.jpg
56,PONTIACMADEDDG,N/A,N/A,N/A,N/A,N/A,N/A
57,LORD_KEBUN,Lord_Kebun,163836275,Here to make you laugh and bring good vibes! ,https://static-cdn.jtvnw.net/jtv_user_pictures/be4e8251-2cd7-453c-8a83-41412cfa48dc-profile_image-300x300.png,0,streamer_images/LORD_KEBUN.jpg
58,CINNA,Cinna,204730616,yo.  cinna@loaded.gg,https://static-cdn.jtvnw.net/jtv_user_pictures/f4e390c8-8f48-4081-b605-475b344fd3aa-profile_image-300x300.png,0,streamer_images/CINNA.jpg
60,NORTHERNLION,Northernlion,14371185,Streaming Monday to Friday @ 9AM PT,https://static-cdn.jtvnw.net/jtv_user_pictures/6e593335-c2f3-4227-bc0d-34634472cf0f-profile_image-300x300.png,0,streamer_images/NORTHERNLION.jpg
61,SUPERTF,supertf,59635827,DOMINANT FORCE OF NATURE,https://static-cdn.jtvnw.net/jtv_user_pictures/supertf-profile_image-4a7fae211a68ae1f-300x300.jpeg,0,streamer_images/SUPERTF.jpg
64,MIRA,mira,79294007,Destream ambassador | masters in psychology & neuroscience. human nature is fascinating | epigenetics research. for business inquiries mira.twitch@gmail.com  ,https://static-cdn.jtvnw.net/jtv_user_pictures/0c4b5b4d-d38f-49d6-995a-ceafbf9d2432-profile_image-300x300.png,0,streamer_images/MIRA.jpg
66,COHHCARNAGE,CohhCarnage,26610234,"Happy, helpful and respectful people welcome. Come say hello!",https://static-cdn.jtvnw.net/jtv_user_pictures/148c3b8a-a78b-4139-a429-7d3d90ce8a27-profile_image-300x300.png,0,streamer_images/COHHCARNAGE.jpg
67,QUICKYBABY,QuickyBaby,30623831,QuickyBaby has been sharing his passion for video games full time on Twitch since 2012. Famed for an analytical approach laced with wit that his community has bonded deeply with. Join him and find out why thousands keep tuning daily for his streams.,https://static-cdn.jtvnw.net/jtv_user_pictures/ac368118-71cb-4340-be81-afa99abafdba-profile_image-300x300.png,0,streamer_images/QUICKYBABY.jpg
68,JERMA985,Jerma985,23936415,"Just hanging out, you?",https://static-cdn.jtvnw.net/jtv_user_pictures/225cee6d-2afc-4e0d-bdeb-ebc863ae9f40-profile_image-300x300.png,0,streamer_images/JERMA985.jpg
69,SINATRAA,sinatraa,138094916,Business email: sinatraa@evolved.gg,https://static-cdn.jtvnw.net/jtv_user_pictures/d5de7613-5632-4c20-bf83-132f5e4c28ac-profile_image-300x300.png,0,streamer_images/SINATRAA.jpg
70,CDAWGVA,CDawgVA,45098797,I'm that guy,https://static-cdn.jtvnw.net/jtv_user_pictures/49110706-4c6c-4da5-8037-0fbd429405f5-profile_image-300x300.png,0,streamer_images/CDAWGVA.jpg
71,GINGITV,GingiTV,28241419,Please forward all brand deals to: gingitv@ggtalentgroup.com,https://static-cdn.jtvnw.net/jtv_user_pictures/0aea3253-d849-4237-99b1-62ee830f6146-profile_image-300x300.png,0,streamer_images/GINGITV.jpg
72,MAXIMILIAN_DOOD,Maximilian_DOOD,30104304,"Maximilian's Livestream Of Hype! Modern fighting games, classic fighting games, playthrus and YoVideogames on the weekend. MY DOODS! Agency contact - MaxDoodTeam@unitedtalent.com",https://static-cdn.jtvnw.net/jtv_user_pictures/maximilian_dood-profile_image-c6e12e1798861491-300x300.png,0,streamer_images/MAXIMILIAN_DOOD.jpg
73,IMPERIALHAL__,ImperialHal__,146922206,,https://static-cdn.jtvnw.net/jtv_user_pictures/6d306649-dd15-4db8-82d8-655694ba692f-profile_image-300x300.png,0,streamer_images/IMPERIALHAL__.jpg
74,RDCGAMING,RDCgaming,63000646,"Here at RDCgaming we do mainly fighting games and we have some pretty epic moments so we hope to make you guys laugh while we have fun playing awesome games.Check out our YouTube Channel called ""RDCworld1"". We do skits, reviews, vlogs, animation, and manga. So definitely go check it out.",https://static-cdn.jtvnw.net/jtv_user_pictures/bd9523a2-5250-4b70-9be2-03bb276c1d14-profile_image-300x300.png,0,streamer_images/RDCGAMING.jpg
75,PENTA,PENTA,84316241,:),https://static-cdn.jtvnw.net/jtv_user_pictures/2a74b7da-4c2f-4a20-8a02-c7d77064c281-profile_image-300x300.png,0,streamer_images/PENTA.jpg
77,ANGRYGINGE13,angryginge13,598713647,I'm ginger. I have a joke and a laugh don't be offended!. My real name is Morgan. I play games and stuff. Come watch!! (Main Aim is to Entertain),https://static-cdn.jtvnw.net/jtv_user_pictures/5efe32b5-32a1-43dc-805e-c63302f95bee-profile_image-300x300.png,0,streamer_images/ANGRYGINGE13.jpg
78,WARFRAME,Warframe,31557216,"Warframe is available to play for free on PC, PS4, PS5, Xbox One, Xbox Series X/S, Nintendo Switch, and iOS! Join our Community Livestream every Thursday at 6 PM ET for the latest Warframe news, gameplay, prizes, & more! Plus, tune into our monthly Devstreams to hear game updates from the Devs!",https://static-cdn.jtvnw.net/jtv_user_pictures/e991029b-9265-4375-99fe-25b3bffd25a0-profile_image-300x300.png,0,streamer_images/WARFRAME.jpg
79,AGENT00,Agent00,90222258,Yes. You should drop a follow.,https://static-cdn.jtvnw.net/jtv_user_pictures/a83b628d80bcbe4f-profile_image-300x300.png,0,streamer_images/AGENT00.jpg
80,MARVELRIVALS,MarvelRivals,993419763,The Ultimate Marvel Super Hero Team-Based PVP Shooter. All heroes unlocked and free-to-play at launch and beyond. PLAY FREE NOW!,https://static-cdn.jtvnw.net/jtv_user_pictures/ab8ad319-35ca-45ef-9c71-beb4888b69df-profile_image-300x300.png,0,streamer_images/MARVELRIVALS.jpg
81,MOODA,mooda,567928581,the chosen one. ,https://static-cdn.jtvnw.net/jtv_user_pictures/a54fbe1c-2719-4f79-bcd6-ef9b2fdb2257-profile_image-300x300.png,0,streamer_images/MOODA.jpg
82,XARYU,Xaryu,32085830,Making gaming a healthier space through a positive gaming environment and equipping gamers with the tools to take control of their health and fitness. xaryu@viralnationtalent.com,https://static-cdn.jtvnw.net/jtv_user_pictures/b79e636b-26ad-49f8-8fd1-60a6e4cf9cca-profile_image-300x300.png,0,streamer_images/XARYU.jpg
83,ZENTREYA,Zentreya,128440061,"„Äê VARIETY STREAMER VTUBER „Äë „Äê‚ö° THE CYBER PUNK  / ROCKIN RED DRAGON üî• „Äë. I have an amazing community, stop by, say hi! Hope you enjoy watching and have fun! ( BUSINESS EMAIL INQUIRES : zentreya@unitedtalent.com  / zentreya@outlook.com )",https://static-cdn.jtvnw.net/jtv_user_pictures/767defd6-91f1-480a-be7a-b278022a2de0-profile_image-300x300.png,0,streamer_images/ZENTREYA.jpg
84,SIMURGH,N/A,N/A,N/A,N/A,N/A,N/A
86,REKKLES,Rekkles,35739604,King in the North since 2012 ‚Ä¢ INQUIRIES ‚Üí REKKLES@YUMETALENT.GG,https://static-cdn.jtvnw.net/jtv_user_pictures/76a04703-a534-4fac-af66-decca8688192-profile_image-300x300.png,0,streamer_images/REKKLES.jpg
87,THEBURNTPEANUT,TheBurntPeanut,472066926,,https://static-cdn.jtvnw.net/jtv_user_pictures/058ee082-68f4-417b-8f8b-8c3ad42468ac-profile_image-300x300.png,0,streamer_images/THEBURNTPEANUT.jpg
88,FLATS,Flats,141429177,Top 500 Main Tank in Overwatch. I‚Äôm full time streaming for the foreseeable future starting daily at 1-2pm est. ,https://static-cdn.jtvnw.net/jtv_user_pictures/6f398651-334b-4cfc-a37c-29c066584da8-profile_image-300x300.png,0,streamer_images/FLATS.jpg
89,LYDIAVIOLET,lydiaviolet,712201914,Just a streamer from england üíú - üëælydia@evolved.gg üëæ,https://static-cdn.jtvnw.net/jtv_user_pictures/03b43302-8793-40e4-8825-a714817ae7ad-profile_image-300x300.png,0,streamer_images/LYDIAVIOLET.jpg
90,BARBAROUSKING,BarbarousKing,56865374,Play hard games. Make dumb jokes.,https://static-cdn.jtvnw.net/jtv_user_pictures/2bb20958-ae41-486e-9df9-7311b39c5675-profile_image-300x300.png,0,streamer_images/BARBAROUSKING.jpg
91,LOL_NEMESIS,lol_nemesis,86131599,perfection ,https://static-cdn.jtvnw.net/jtv_user_pictures/60d183a0-0da5-4d61-ad14-e17448ab5315-profile_image-300x300.png,0,streamer_images/LOL_NEMESIS.jpg
92,PAYMONEYWUBBY,PaymoneyWubby,38251312,Playing games for your amusement ,https://static-cdn.jtvnw.net/jtv_user_pictures/6624a175-5e4c-4d12-aaeb-993810378640-profile_image-300x300.png,0,streamer_images/PAYMONEYWUBBY.jpg
93,ITSSPOIT,itsSpoit,144516280,"William ""Spoit"" L√∂fstedt | Streamer / Youtuber | Professional R6 Player for Shopify Rebellion / BUSINESS EMAIL: Spoit@SBLManagement.com",https://static-cdn.jtvnw.net/jtv_user_pictures/ab47d74a-2aae-44ce-9026-0e26f234c373-profile_image-300x300.png,0,streamer_images/ITSSPOIT.jpg
94,TUBBO,Tubbo,223191589,huh?,https://static-cdn.jtvnw.net/jtv_user_pictures/905af69a-4fd8-42c7-b842-bf4ee4d51b3b-profile_image-300x300.png,0,streamer_images/TUBBO.jpg
95,FAXUTY,faxuty,148561738,i enjoy playing video games | business inquires: faxuty@sixteenth.com,https://static-cdn.jtvnw.net/jtv_user_pictures/0eabc805-e8e0-4e6e-bd2d-876bdd99f12a-profile_image-300x300.png,0,streamer_images/FAXUTY.jpg
96,SILKY,Silky,451786566,"Hi, I'm Silky. Any business inquiries contact me at Yungsilkmgmt@gmail.com",https://static-cdn.jtvnw.net/jtv_user_pictures/1ac703ee-57aa-4e68-86df-838d52a5193f-profile_image-300x300.png,0,streamer_images/SILKY.jpg
97,JINNYTTY,Jinnytty,159498717,"Welcome to my channel! I am Korean streamer who likes to do outdoor streaming, gaming, and also other fun contents! I speak three languages : English, Korean and Chinese. Hope you guys have fun watching my stream :) ",https://static-cdn.jtvnw.net/jtv_user_pictures/37567ea1-8246-4385-bcf6-8a3cdb9ca93b-profile_image-300x300.png,0,streamer_images/JINNYTTY.jpg
98,AUZIOMF,AuzioMF,101175894,EAFC Content Creator üòé auziomf@gmail.com,https://static-cdn.jtvnw.net/jtv_user_pictures/540910c9-4dba-4147-8fdd-8c0d9ed9c647-profile_image-300x300.png,0,streamer_images/AUZIOMF.jpg
99,JAYCINCOO5,jaycincoo5,703042869,IG @Therealjaycincoo (436K) TikTok @Jaycincoo (1.2M) YouTube @Jay Cinco (601K Subs),https://static-cdn.jtvnw.net/jtv_user_pictures/8e90deaa-d5b9-4065-818d-686ca0ad4e05-profile_image-300x300.png,0,streamer_images/JAYCINCOO5.jpg
100,NMPLOL,Nmplol,21841789,TeamNMP@unitedtalent.com,https://static-cdn.jtvnw.net/jtv_user_pictures/e4d9bf96-311d-487a-b5eb-9f9a94e0f795-profile_image-300x300.png,0,streamer_images/NMPLOL.jpg
101,LVNDMARK,LVNDMARK,427632467,,https://static-cdn.jtvnw.net/jtv_user_pictures/8dcaf96d-68ee-4fc6-bfdc-fdfc564e134a-profile_image-300x300.png,0,streamer_images/LVNDMARK.jpg
102,TECTONE,Tectone,27717340,(Ôæâ‚óï„ÉÆ‚óï)Ôæâ*:ÔΩ•Ôæü‚úß ,https://static-cdn.jtvnw.net/jtv_user_pictures/d78010b4-516e-4858-9d7a-2e5df6750d69-profile_image-300x300.png,0,streamer_images/TECTONE.jpg
103,KAYSAN,Kaysan,516862428,"FaZe Clan, Music Producer, Gamer, Dj, Esports, Owner Atlanta FaZe",https://static-cdn.jtvnw.net/jtv_user_pictures/75794dc3-15a9-40ae-9b5d-1535ae1292e5-profile_image-300x300.png,0,streamer_images/KAYSAN.jpg
104,HUTCHMF,HutchMF,180118013,Bryce Hutchinson Better Known As HutchMF. For Business Inquiries. Email-hutch@loaded.gg,https://static-cdn.jtvnw.net/jtv_user_pictures/43c71a14-c368-4f41-9373-ccdb795f267f-profile_image-300x300.png,0,streamer_images/HUTCHMF.jpg
105,NICKMERCS,NICKMERCS,15564828,"Former MLG National Champion. A fellow gym rat, who streams mostly Competitive Shooters! Thank you all so much for your continued support. Follow the stream and my Twitter account to be notified when I will be going live - @Nickmercs ",https://static-cdn.jtvnw.net/jtv_user_pictures/b3c347ed-1a7a-40a2-8bee-8a7c4426eb33-profile_image-300x300.png,0,streamer_images/NICKMERCS.jpg
106,MISSMIKKAA,MissMikkaa,48201326,"Chill variety stream with focus on single player games. Entertainment for the chatter and the lurker. I like to do crazy challenge runs, especially in Elden Ring. Won Soulslike Streamer of the Year! Also, I have a Shiba Inu. ",https://static-cdn.jtvnw.net/jtv_user_pictures/7032982d-befa-41be-a732-8cf99279f502-profile_image-300x300.png,0,streamer_images/MISSMIKKAA.jpg
107,KYOOTBOT,kyootbot,161737008,my name is kiana,https://static-cdn.jtvnw.net/jtv_user_pictures/216b73c4-ef2a-47d3-875a-6eb0e2883b02-profile_image-300x300.png,0,streamer_images/KYOOTBOT.jpg
108,ARKY,Arky,100869214,@Arky | Arkyszn | Business inquiries - ArkyBusiness7@gmail.com,https://static-cdn.jtvnw.net/jtv_user_pictures/1ed0e0c7-2714-41c3-9848-5eb1696db74a-profile_image-300x300.png,0,streamer_images/ARKY.jpg
109,SYLVEE,sylvee,175383693,Professional girl // sylvee@loaded.gg,https://static-cdn.jtvnw.net/jtv_user_pictures/33f2e044-ef77-445b-b103-472f13c56e65-profile_image-300x300.png,0,streamer_images/SYLVEE.jpg
110,VINESAUCE,Vinesauce,25725272,"I'm Vinny and I focus on variety streaming. I don't have a strict schedule and stream a few times a week, but you can expect full playthroughs, classic games, randomizers, corruptions, trash, bizarre media and weird/forgotten games. More prerecorded videos are on my youtube.",https://static-cdn.jtvnw.net/jtv_user_pictures/b5dc0add-a5cc-47ea-8562-b23fee4b4267-profile_image-300x300.png,0,streamer_images/VINESAUCE.jpg
111,SINGSING,singsing,21390470,casual gamer from netherlands,https://static-cdn.jtvnw.net/jtv_user_pictures/cfa4c03d-f042-4577-9eca-a472859085d4-profile_image-300x300.png,0,streamer_images/SINGSING.jpg
112,YUGI2X,Yugi2x,936171791,Business inquiries - Yugi@mythictalent.com,https://static-cdn.jtvnw.net/jtv_user_pictures/48125443-bf71-4887-8b5a-72e96fddd73d-profile_image-300x300.png,0,streamer_images/YUGI2X.jpg
113,ROBCDEE,robcdee,169185650,:] 2nd monitor gang,https://static-cdn.jtvnw.net/jtv_user_pictures/01d06208-891f-4fca-a21a-16e9009a9a5e-profile_image-300x300.png,0,streamer_images/ROBCDEE.jpg
115,DOUBLELIFT,Doublelift,40017619,,https://static-cdn.jtvnw.net/jtv_user_pictures/2a9aad00-b15b-411e-86c4-8e7432e78740-profile_image-300x300.png,0,streamer_images/DOUBLELIFT.jpg
116,GENESISGG,genesisgg,997382004,THANKS FOR WATCHING!,https://static-cdn.jtvnw.net/jtv_user_pictures/282a049c-688b-4dee-9554-70551e1b105e-profile_image-300x300.png,0,streamer_images/GENESISGG.jpg
117,STREAMINGITALIAPERTE,N/A,N/A,N/A,N/A,N/A,N/A
118,FERRETSOFTWARE,FerretSoftware,884338173,"The wigglers of @PirateSoftware. We rescue ferrets from around WA and give them a great life here as a forever home. They are fed Raw food, have an entire room to themselves, climate controls for their environment, regular playtime, and medical care. Powered by AdRev from your viewership.",https://static-cdn.jtvnw.net/jtv_user_pictures/53fbddc4-9400-4b4e-91c1-87ede9229b66-profile_image-300x300.png,0,streamer_images/FERRETSOFTWARE.jpg
119,GAMESDONEQUICK,GamesDoneQuick,22510310,"Games Done Quick is a series of events (Over $54 Million raised for charity!) and daily broadcasts with the goal of spreading the joy of speedrunning. Between charity events, we are live here daily (except Thurs) from 7pm-1am Eastern, and on weekends starting at 1pm. We hope to see you here!",https://static-cdn.jtvnw.net/jtv_user_pictures/b3fc1f16-0818-4121-8711-c31b9469bc21-profile_image-300x300.png,0,streamer_images/GAMESDONEQUICK.jpg
120,XQN_THESAD,XQN_TheSad,266301326,Hi! I go by XQN and I am one of the best Hearthstone Battlegrounds players. Welcome :),https://static-cdn.jtvnw.net/jtv_user_pictures/9bfaa870-d58b-4218-afdd-4b97be38d2d1-profile_image-300x300.png,0,streamer_images/XQN_THESAD.jpg
121,SHANKS_TTV,shanks_ttv,540056482,,https://static-cdn.jtvnw.net/jtv_user_pictures/c2b85c38-cfdc-4c87-9c5b-80a6dcd2c4f5-profile_image-300x300.png,0,streamer_images/SHANKS_TTV.jpg
123,39DAPH,39daph,160504245,email inquiries at 39daph@loaded.gg,https://static-cdn.jtvnw.net/jtv_user_pictures/3a4c876e-1c4b-46ba-bf77-91e282202879-profile_image-300x300.jpeg,0,streamer_images/39DAPH.jpg
124,AHMPY,ahmpy,23289647,business: ahmpy@ggtalentgroup.com,https://static-cdn.jtvnw.net/jtv_user_pictures/ea6bd69c-7cac-432d-a3f1-275f5d70a801-profile_image-300x300.png,0,streamer_images/AHMPY.jpg
125,EXTRAEMILY,N/A,N/A,N/A,N/A,N/A,N/A
126,RUNTHEFUTMARKET,runthefutmarket,143759910,trying to make people smile,https://static-cdn.jtvnw.net/jtv_user_pictures/94ffa8dd-e584-4e36-9db5-0197d911183a-profile_image-300x300.png,0,streamer_images/RUNTHEFUTMARKET.jpg
127,ZIQOFTW,Ziqoftw,20567961,hi i play gamebusiness: Ziqoftw@mythictalent.com,https://static-cdn.jtvnw.net/jtv_user_pictures/ziqoftw-profile_image-d4d7393232afa39e-300x300.png,0,streamer_images/ZIQOFTW.jpg
128,T90OFFICIAL,T90Official,92957305,,https://static-cdn.jtvnw.net/jtv_user_pictures/t90official-profile_image-7fc20fb92b417c92-300x300.png,0,streamer_images/T90OFFICIAL.jpg
129,MRSAVAGE,MrSavage,198182340,Pro Fortnite Player and Content Creator. 4x DreamHack winner. Code 200IQ #ad.,https://static-cdn.jtvnw.net/jtv_user_pictures/2b451fa3-32fe-4a92-844f-f1b303116ca6-profile_image-300x300.png,0,streamer_images/MRSAVAGE.jpg
130,REALZBLUEWATER,RealzBlueWater,62595539,"WATCH = PRIZE ü§ëüéÅ Start watching and earning channel points to get TONS of prizes. Like a PlayStation 5 ü§©üéÆ „ÉΩ(‚Ä¢‚Äø‚Ä¢)„Éé The #1 Stream to Have Fun, Relax, Engage and Enjoy! . Everyone in this Stream is a friend, so say hi!",https://static-cdn.jtvnw.net/jtv_user_pictures/792a8905-cd57-4160-8331-c9bc035393d3-profile_image-300x300.png,0,streamer_images/REALZBLUEWATER.jpg
131,INSYM,Insym,75738685,I like video games - Business email: insym@ggtalentgroup.com,https://static-cdn.jtvnw.net/jtv_user_pictures/2af48a59-1b95-41ef-ab56-a0b70bfd5636-profile_image-300x300.png,0,streamer_images/INSYM.jpg
135,HAPPYHAPPYGAL,HappyHappyGal,660840731,Happiest Streamer on Twitch! üòäHappy@Loaded.gg üíå,https://static-cdn.jtvnw.net/jtv_user_pictures/08630419-ec9f-4535-a771-05a93f4df94b-profile_image-300x300.png,0,streamer_images/HAPPYHAPPYGAL.jpg
136,NL_KRIPP,nl_Kripp,29795919,Gamer YouTuber Streamer Joker // Business: om.kripp@gmail.com,https://static-cdn.jtvnw.net/jtv_user_pictures/401068e0-820a-4d9f-9e7c-1e5563398458-profile_image-300x300.png,0,streamer_images/NL_KRIPP.jpg
137,GLORIOUS_E,Glorious_E,63304572,"Hey everyone! ima former competitive Semi Pro Pubg player, who have been playing Pubg in the highest level national and international. I Love Fps games - Currently an Escape from tarkov streamer.",https://static-cdn.jtvnw.net/jtv_user_pictures/d4d79c6d-e57c-487d-912d-e13e85d1a7bf-profile_image-300x300.png,0,streamer_images/GLORIOUS_E.jpg
138,SUBROZA,Subroza,40965449,Pro VALORANT Player | Streamer | Business Inquires: teamsubroza@unitedtalent.com | ,https://static-cdn.jtvnw.net/jtv_user_pictures/c875f23e-dd8d-4ae2-b8c1-bb3da46852b0-profile_image-300x300.png,0,streamer_images/SUBROZA.jpg
139,DAKILLZOR,Dakillzor,25722719,My mom says i'm special so there is that.  A mix between randoms and competitive modes with lots of laughs but way more driving fails (: Business e-mail: Dakillzor@gmail.com,https://static-cdn.jtvnw.net/jtv_user_pictures/ba5e4714-b7dd-43f5-9c62-df0c91647482-profile_image-300x300.png,0,streamer_images/DAKILLZOR.jpg
140,UNBOXHOLICS,Unboxholics,68246485,Unboxholics' Official Live Stream Channel,https://static-cdn.jtvnw.net/jtv_user_pictures/unboxholics-profile_image-7613c78b44855f23-300x300.jpeg,0,streamer_images/UNBOXHOLICS.jpg
141,DISTORTION2,Distortion2,36324138,Souls Speedrunner,https://static-cdn.jtvnw.net/jtv_user_pictures/distortion2-profile_image-bb052bec695cc197-300x300.png,0,streamer_images/DISTORTION2.jpg
142,SUNGLITTERS,sunglitters,98916815,hi :),https://static-cdn.jtvnw.net/jtv_user_pictures/cd4070e4-a5eb-4aaf-a7bc-f4a3f34fd1f3-profile_image-300x300.png,0,streamer_images/SUNGLITTERS.jpg
143,GUZU,Guzu,210983926,Hello :D,https://static-cdn.jtvnw.net/jtv_user_pictures/1fa05f49-1118-41e1-9a10-e077d5dec876-profile_image-300x300.png,0,streamer_images/GUZU.jpg
144,AZTECROSS,Aztecross,50881182,The only hammer Titan left in Destiny,https://static-cdn.jtvnw.net/jtv_user_pictures/4a3fe6fd-c398-48d6-9999-df2bff4b6a2a-profile_image-300x300.png,0,streamer_images/AZTECROSS.jpg
145,SQUEEX,Squeex,35958947,live sometimes at 4PM EST,https://static-cdn.jtvnw.net/jtv_user_pictures/a2ecf408-3633-42f9-a461-b3081088308c-profile_image-300x300.png,0,streamer_images/SQUEEX.jpg
146,ACEU,aceu,88946548,bowl,https://static-cdn.jtvnw.net/jtv_user_pictures/c7a4c96e-a434-4dfa-9bcf-6190995dd536-profile_image-300x300.png,0,streamer_images/ACEU.jpg
147,NINJA,Ninja,19571641,Just want to make people happy. Co-Founder @DrinkNutcase. CIO @GameSquare $GAME,https://static-cdn.jtvnw.net/jtv_user_pictures/90d40495-f467-4911-9035-72d8d10a49c5-profile_image-300x300.png,0,streamer_images/NINJA.jpg
148,FROGGEROW,FroggerOW,131986952,very awesome dude business: froggerow@outlook.com,https://static-cdn.jtvnw.net/jtv_user_pictures/6683422d-b9b9-4500-b807-d48dd01c5397-profile_image-300x300.png,0,streamer_images/FROGGEROW.jpg
149,OTZDARVA,Otzdarva,61812950,"I'm a professional videogame idiot from Spain. I enjoy challenging myself, goofing around and making friends.",https://static-cdn.jtvnw.net/jtv_user_pictures/d557ad13-96ec-4116-9217-faad45e9d742-profile_image-300x300.png,0,streamer_images/OTZDARVA.jpg
150,TIMTHETATMANVODS,TimTheTatmanVODs,734132328,"Official TimTheTatman 24/7 VOD Channel! - Bald, Cowboys fan & Fat. ",https://static-cdn.jtvnw.net/jtv_user_pictures/a01fecb2-314b-4ef9-ae8c-2dd4dc9bba9b-profile_image-300x300.png,0,streamer_images/TIMTHETATMANVODS.jpg
151,ANNIEFUCHSIA,AnnieFuchsia,61294188,I try to hit 100% in games. I play a lot of World of Warcraft :),https://static-cdn.jtvnw.net/jtv_user_pictures/e0b82d54-7cf4-40af-9fd3-a3c613200877-profile_image-300x300.png,0,streamer_images/ANNIEFUCHSIA.jpg
153,K3SOJU,k3soju,128293484,smoge,https://static-cdn.jtvnw.net/jtv_user_pictures/50e4e7b2-ae1c-43dd-ae3a-243de06a9034-profile_image-300x300.png,0,streamer_images/K3SOJU.jpg
154,HITSQUADGODFATHER,hitsquadgodfather,137616647,"Welcome to The Hit Squad! A huge community of friendly gamers, hang out everyday and make some new friends!  Looking for more info or help visit the Hitsquad discord linked below.",https://static-cdn.jtvnw.net/jtv_user_pictures/0db30205-42f0-48f5-8356-7d1b86c3c182-profile_image-300x300.png,0,streamer_images/HITSQUADGODFATHER.jpg
156,THE_HAPPY_HOB,The_Happy_Hob,87803283,"Blessed to play Dark Souls, forever.  the_happy_hob@ggtalentgroup.com",https://static-cdn.jtvnw.net/jtv_user_pictures/a6c890ba-2628-4811-80f6-cc452cd43ad8-profile_image-300x300.png,0,streamer_images/THE_HAPPY_HOB.jpg
157,AYDAN,Aydan,120244187,"25 year old, slim thicc entertainer looking to give the best viewing experience possible!",https://static-cdn.jtvnw.net/jtv_user_pictures/3c7e4307-f540-4415-84b3-513ce143f0ae-profile_image-300x300.png,0,streamer_images/AYDAN.jpg
158,VELJA_LOL,velja_lol,142181685,RANK 1 EUW | Business inquiries: veljalolbusiness@gmail.com,https://static-cdn.jtvnw.net/jtv_user_pictures/96c58805-3cb6-4c32-b6d9-56ea6480aac0-profile_image-300x300.png,0,streamer_images/VELJA_LOL.jpg
159,IWDOMINATE,IWDominate,25653002,Former LCS Player and Current LCS/LPL Co-Streamer and LEC Liveviewer,https://static-cdn.jtvnw.net/jtv_user_pictures/a785eaed-43ce-46e3-9138-d9f50c4a1af5-profile_image-300x300.png,0,streamer_images/IWDOMINATE.jpg
160,JOE_BARTOLOZZI,Joe_Bartolozzi,563908141,I stream things ,https://static-cdn.jtvnw.net/jtv_user_pictures/ddc5eac9-8234-4918-bf85-7c6e8db23401-profile_image-300x300.png,0,streamer_images/JOE_BARTOLOZZI.jpg
161,RICCI,Ricci,1054551170,Content Creator. For business inquiry: ricci@rightclick.gg,https://static-cdn.jtvnw.net/jtv_user_pictures/2607198a-16e7-4646-b083-2e53c1b5c57a-profile_image-300x300.png,0,streamer_images/RICCI.jpg
162,ZOOMAA,Zoomaa,105584645,Pro Gamer to Content Creator // @FaZeClan // @TheFlank // #ZooMafia,https://static-cdn.jtvnw.net/jtv_user_pictures/093f0ea6-7fc6-4af2-98d3-df2300c353f7-profile_image-300x300.png,0,streamer_images/ZOOMAA.jpg
163,HENYATHEGENIUS,henyathegenius,896388738,genius dayo Ôºà„Éªo„ÉªÔºâ„ÄÄ‚úâ henyathegenius@unitedtalent.com,https://static-cdn.jtvnw.net/jtv_user_pictures/48faaa08-c31c-4e31-ab51-ba4c898446af-profile_image-300x300.png,0,streamer_images/HENYATHEGENIUS.jpg
164,BROXAH,Broxah,43539324,OMEGALUL,https://static-cdn.jtvnw.net/jtv_user_pictures/39da49ae-e57f-4fc2-b781-6371440847eb-profile_image-300x300.png,0,streamer_images/BROXAH.jpg
166,PAYO,Payo,59624901,Hi:D,https://static-cdn.jtvnw.net/jtv_user_pictures/996d2d80-c1c4-4dd7-99dd-074c47cf7196-profile_image-300x300.png,0,streamer_images/PAYO.jpg
167,NIKOLARN,Nikolarn,66272442,"Business email: business@nikolarn.com / nikolarn@stormmedia.gg - $25,000 Twitch Rivals Rogue Company Winner üèÜ",https://static-cdn.jtvnw.net/jtv_user_pictures/ef8c5c6c-1b88-47a7-876f-ebc4549d131a-profile_image-300x300.png,0,streamer_images/NIKOLARN.jpg
168,KYEDAE,Kyedae,445529741,just here to have fun.... but I perma play valo so I'm normally depressed 25/8,https://static-cdn.jtvnw.net/jtv_user_pictures/d7bab577-5fec-4ce7-9410-6bd46e0bce87-profile_image-300x300.png,0,streamer_images/KYEDAE.jpg
169,POKIMANE,pokimane,44445592,welcomel! :) happy you're here ‚ô° üìß Business inquiries: teampoki@wmeagency.com,https://static-cdn.jtvnw.net/jtv_user_pictures/6cd4de40-1a83-46c7-aea5-3bd73f90e7e4-profile_image-300x300.png,0,streamer_images/POKIMANE.jpg
170,TEEGRIZZLEY,TeeGrizzley,431882702,IF YOU EVER MISS OUT ON A LIVE STREAM CATCH ALL THE VIDEOS ON YOUTUBE AT GRIZZLEY GANG GAMING!!!!!!!! THANK YOU FOR THE SUPPORT. ,https://static-cdn.jtvnw.net/jtv_user_pictures/74ad4d15-eec2-4cb2-8451-1fad6c5ad062-profile_image-300x300.png,0,streamer_images/TEEGRIZZLEY.jpg
171,FATHER_JIMMY_,N/A,N/A,N/A,N/A,N/A,N/A
172,RDULIVE,RduLIVE,59965916,Mostly Playing and Streaming Hearthstone! | Business Email: business@rdulive.org,https://static-cdn.jtvnw.net/jtv_user_pictures/1f068673-284e-42bd-9951-908356757b0e-profile_image-300x300.png,0,streamer_images/RDULIVE.jpg
173,ESFANDTV,EsfandTV,38746172,Co-Founder/Owner of OTK and Starforge Systems,https://static-cdn.jtvnw.net/jtv_user_pictures/476ee93d-66a6-4e57-b3a9-db1ceb168ad8-profile_image-300x300.png,0,streamer_images/ESFANDTV.jpg
174,SMOKE,Smoke,70880222,Smoke plays First-Person Shooters and open-world survival games like DayZ. His focus is to provide an immersive experience for the viewer in a clean environment. Smoke enjoys building a community of like-minded players.,https://static-cdn.jtvnw.net/jtv_user_pictures/e4a46d5d-caf0-4ac8-9b52-751fde9c0371-profile_image-300x300.png,0,streamer_images/SMOKE.jpg
175,CLAUDEPLAYSPOKEMON,ClaudePlaysPokemon,1165258274,"This is a passion project made by a person who loves Claude and loves Pok√©mon. Follow along as Claude navigates the Kanto region, trains adorable Pok√©mon with creative names, and attempts to earn all 8 gym badges. Claude has never been trained to play any Pok√©mon games‚Äîthis is a new adventure!",https://static-cdn.jtvnw.net/jtv_user_pictures/f1466c15-2f79-490a-9720-da72afb874af-profile_image-300x300.png,0,streamer_images/CLAUDEPLAYSPOKEMON.jpg
176,QOJQVA,qojqva,49440419,DOTA 2 player for Team Liquid,https://static-cdn.jtvnw.net/jtv_user_pictures/qojqva-profile_image-a209b7bcf1dd2104-300x300.jpeg,0,streamer_images/QOJQVA.jpg
177,ML7SUPPORT,mL7support,51929371,I'm mL7 and I play support.,https://static-cdn.jtvnw.net/jtv_user_pictures/df75433e-e467-49d6-8e15-ccd5d938fcaf-profile_image-300x300.png,0,streamer_images/ML7SUPPORT.jpg
178,ROBINSONGZ,robinsongz,60672785,quiet streamer,https://static-cdn.jtvnw.net/jtv_user_pictures/231b4d71-8639-4c12-81f9-6dfa9b443918-profile_image-300x300.png,0,streamer_images/ROBINSONGZ.jpg
179,WILLNEFF,willneff,122888997,"Will Neff. If I don‚Äôt make you laugh that‚Äôs on you, don‚Äôt put your baggage on me. ",https://static-cdn.jtvnw.net/jtv_user_pictures/0526935c-5783-4590-8dc1-16445842633d-profile_image-300x300.png,0,streamer_images/WILLNEFF.jpg
180,UFDTECH,UFDTech,45025143,,https://static-cdn.jtvnw.net/jtv_user_pictures/bca2c1d7-e2f7-41a8-8f67-41957d3c76d9-profile_image-300x300.png,0,streamer_images/UFDTECH.jpg
181,BELLARAMATV,BellaRamaTV,798454309,"Hi, I'm Bella! I'm a small girl with a big personality! Welcome to BellaNation, I hope you enjoy your stay ‚ù§Ô∏è",https://static-cdn.jtvnw.net/jtv_user_pictures/a4482647-7818-4d19-9eec-e61c04525faf-profile_image-300x300.png,0,streamer_images/BELLARAMATV.jpg
183,LACARI,Lacari,29400754,YEP,https://static-cdn.jtvnw.net/jtv_user_pictures/lacari-profile_image-decef76ca583dfaa-300x300.png,0,streamer_images/LACARI.jpg
184,ZIZARAN,Zizaran,36483360,"Hey, I'm Zizaran and I am a Path of Exile streamer! I try to be live every day generally starting around 10am BST!",https://static-cdn.jtvnw.net/jtv_user_pictures/zizaran-profile_image-d534b9791c469a48-300x300.png,0,streamer_images/ZIZARAN.jpg
185,FUBGUN,fubgun,27446144,For Business Inquiries: Fubgun@dulcedo.com,https://static-cdn.jtvnw.net/jtv_user_pictures/ea19b781-c370-4b6f-8a93-269027fb63e1-profile_image-300x300.png,0,streamer_images/FUBGUN.jpg
186,SKILL4LTU,skill4ltu,110775952,Hi fellas! I am Lithuanian World of Tanks streamer. On this channel we play for different challenges based on grinding marks of excellence on all tanks in the game. For business business@skill4ltu.eu,https://static-cdn.jtvnw.net/jtv_user_pictures/3240ed60-0ad4-4bb4-afd9-b608b60e850c-profile_image-300x300.png,0,streamer_images/SKILL4LTU.jpg
187,FOBM4STER,fobm4ster,31062476,,https://static-cdn.jtvnw.net/jtv_user_pictures/621a58a8-a9c6-4b6a-8bf0-9fbb29b57a36-profile_image-300x300.png,0,streamer_images/FOBM4STER.jpg
188,SYKKUNO,Sykkuno,26154978,Hi ! ,https://static-cdn.jtvnw.net/jtv_user_pictures/sykkuno-profile_image-6ab1e70e07e29e9b-300x300.jpeg,0,streamer_images/SYKKUNO.jpg
189,OLDSCHOOLRS,OldSchoolRS,183663188,"The official Twitch account for Old School RuneScape. Your one stop shop for developer Q&As, competitive gaming and community streams! | Old School RuneScape offers in-game purchases.",https://static-cdn.jtvnw.net/jtv_user_pictures/9970a034-ac4f-4add-a239-3f3419732bca-profile_image-300x300.png,0,streamer_images/OLDSCHOOLRS.jpg
190,SYMFUHNY,Symfuhny,31688366,Hi nice to meet u,https://static-cdn.jtvnw.net/jtv_user_pictures/1d41de3c-731d-41ae-b0e7-615ad74db8f3-profile_image-300x300.png,0,streamer_images/SYMFUHNY.jpg
191,XOP0,Xop0,41665974,"xopoche@gmail.com for AD or Keys. From Bulgaria, stream for EN speakers all over the world since 2016. OY Privet! Two honours degrees, but I stream... From AAA to Indie, IRL and Video. Variety streams of ‚Ññ4993686853 games.",https://static-cdn.jtvnw.net/jtv_user_pictures/84be0583-9d74-4da1-b929-5db3e30726ac-profile_image-300x300.png,0,streamer_images/XOP0.jpg
192,CENTRAL_COMMITTEE,Central_Committee,109118789,"I'm an activist, organizer and campaign worker for progressive campaigns in Pennsylvania. I've also worked as a producer for the Majority Report with Sam Seder. I'm also known as ""Mike from PA"".",https://static-cdn.jtvnw.net/jtv_user_pictures/4933f659-98a2-4b9c-b50b-a42420e75b7b-profile_image-300x300.png,0,streamer_images/CENTRAL_COMMITTEE.jpg
193,MAR3LG,N/A,N/A,N/A,N/A,N/A,N/A
194,DULZURAMALDITA,DulzuraMaldita,1216994910,y encima de gratis,https://static-cdn.jtvnw.net/jtv_user_pictures/835186df-bc2f-4150-b19b-db90e1536316-profile_image-300x300.png,0,streamer_images/DULZURAMALDITA.jpg
195,SCUMP,scump,13240194,,https://static-cdn.jtvnw.net/jtv_user_pictures/ee612ff1-397f-411b-aeb0-6ac53219de31-profile_image-300x300.png,0,streamer_images/SCUMP.jpg
196,SEQUISHA,Sequisha,25458544,Survival | Shooters | RP | Gamedev,https://static-cdn.jtvnw.net/jtv_user_pictures/71c9c370-aca6-4910-851b-5494c31a614a-profile_image-300x300.png,0,streamer_images/SEQUISHA.jpg
197,CHILLEDCHAOS,ChilledChaos,9528182,Did someone say... Shenanigans!? | Next Stream - SUN 330CT! |  Contact - chilledchaos@thenewgen.com,https://static-cdn.jtvnw.net/jtv_user_pictures/ccdeb274-9d91-4033-8196-d2c3eaa631e4-profile_image-300x300.png,0,streamer_images/CHILLEDCHAOS.jpg
198,NADESHOT,Nadeshot,21130533,"Call of Duty World Champion & 8x Major Champion. Founder and Owner of 100 Thieves, former captain of OpTic Gaming. Husband to Haley, Father to Gracie, Gary and Murph.",https://static-cdn.jtvnw.net/jtv_user_pictures/c1932ea2-dedd-4a4c-a7a7-d51697478464-profile_image-300x300.png,0,streamer_images/NADESHOT.jpg
199,FL0M,fl0m,25093116,"I play CS:GO for Mythic, and I stream mostly competitive play.  If you enjoy my stream, please follow the channel!",https://static-cdn.jtvnw.net/jtv_user_pictures/fl0m-profile_image-efa66f8f4aa42f40-300x300.png,0,streamer_images/FL0M.jpg
201,FAIDE,Faide,51065352,beat the odds // Business: faidettv@gmail.com,https://static-cdn.jtvnw.net/jtv_user_pictures/6b9e12d3-a748-4aec-b83c-ec6f1db2375b-profile_image-300x300.png,0,streamer_images/FAIDE.jpg
202,IM_DONTAI,Im_Dontai,81918254,Welcome To Room 6 - A Strong Mental Goes Farther Than Money & Fame . Only once I‚Äôm gone will you understand why my energy attracted so many. üëÅü™ê 18/3 ~ SYX,https://static-cdn.jtvnw.net/jtv_user_pictures/6094293c-b152-468d-8e9c-be5d5b501b9a-profile_image-300x300.png,0,streamer_images/IM_DONTAI.jpg
204,JOKERDTV,JokerdTV,48082917,World first level 60 in Classic WoW,https://static-cdn.jtvnw.net/jtv_user_pictures/02f9752b-833e-436d-b62b-34e7eb798261-profile_image-300x300.png,0,streamer_images/JOKERDTV.jpg
205,JEEFHS,JeefHS,91958353,#1 NA BGs player - 20k MMR PEAK // Winner of BGs LOBBY LEGENDS // @beancubed drew my emotes! // Business contact: JeefHS@expansion.gg // I stream high level Hearthstone Battlegrounds in the night PST time! // Semi-daily High Quality Youtube Uploads!,https://static-cdn.jtvnw.net/jtv_user_pictures/a6caac0c-8efb-4a66-ace4-7adb9c96e8c9-profile_image-300x300.png,0,streamer_images/JEEFHS.jpg
206,KKATAMINA,kkatamina,526763937,,https://static-cdn.jtvnw.net/jtv_user_pictures/6012e459-9e99-4ed3-821c-f6312292aa7e-profile_image-300x300.png,0,streamer_images/KKATAMINA.jpg
207,WARTHUNDER_ESPORTS,WarThunder_Esports,884056266,"Welcome to the Official Home of War Thunder Esports, hosted and organized by Gaijin Network Ltd. ",https://static-cdn.jtvnw.net/jtv_user_pictures/b86366d8-5b92-4d28-b840-c2fd10f07716-profile_image-300x300.png,0,streamer_images/WARTHUNDER_ESPORTS.jpg
208,2XRAKAI,2xRaKai,997729120,üôèüèæWITH OUT God IM NOTHING üôèüèæüü£lit streams everyday üü£,https://static-cdn.jtvnw.net/jtv_user_pictures/b5d43658-37ed-4481-907d-3b6939bd0825-profile_image-300x300.png,0,streamer_images/2XRAKAI.jpg
209,ALVEUSSANCTUARY,AlveusSanctuary,636587384,"Alveus is a 501(c)(3) nonprofit organization functioning as a wildlife sanctuary & virtual education center, aiming to unite online users for conservation! üåé Founded by twitch.tv/maya",https://static-cdn.jtvnw.net/jtv_user_pictures/4384f6c4-6608-48f4-b3a7-36d0eb6efbd3-profile_image-300x300.png,0,streamer_images/ALVEUSSANCTUARY.jpg
210,PREMIERTWO,PremierTwo,582765062,Join the man-who-never-sleeps!,https://static-cdn.jtvnw.net/jtv_user_pictures/81314008-19fc-47c3-a65d-6a9994828444-profile_image-300x300.png,0,streamer_images/PREMIERTWO.jpg
211,OFFICERMESSER,OfficerMesser,126678134,Certified Police Officer  | Dog Lover | Gamer | Who is on a mission to bridge the gap of Law Enforcement and the community by humanizing the badge. For Business Inquiries please email servefirstllc@gmail.com ,https://static-cdn.jtvnw.net/jtv_user_pictures/11f7f9d2-0356-4b43-a01e-ad9cd181e94f-profile_image-300x300.png,0,streamer_images/OFFICERMESSER.jpg
212,NEUU,NEUU,179641277,24yr old AUSTRALIAN Hitscan player that mains Sojourn and Ashe (decent),https://static-cdn.jtvnw.net/jtv_user_pictures/03b1cdda-7018-4a64-a223-256db8a2d1ea-profile_image-300x300.png,0,streamer_images/NEUU.jpg
214,FRODAN,Frodan,13576693,Professional backseater,https://static-cdn.jtvnw.net/jtv_user_pictures/fe17c146-00ae-4e90-9c39-75fe40163cd5-profile_image-300x300.png,0,streamer_images/FRODAN.jpg
215,ADMIRALBAHROO,AdmiralBahroo,40972890,"Home of the panda emotes! We are a comfy laid back stream, with a focus on variety games. Post rooSitF ",https://static-cdn.jtvnw.net/jtv_user_pictures/d57c5237-ca9d-432c-9560-d5e62b28ce80-profile_image-300x300.png,0,streamer_images/ADMIRALBAHROO.jpg
216,DOGDOG,dogdog,60978448,Just a dog,https://static-cdn.jtvnw.net/jtv_user_pictures/dogdog-profile_image-5550ade194780dfc-300x300.jpeg,0,streamer_images/DOGDOG.jpg
217,NADIA,Nadia,634735100,"Hi, my name is Nadia :) I love streaming video games! The top game I will be streaming is Warzone",https://static-cdn.jtvnw.net/jtv_user_pictures/92691c18-43fd-430c-91f0-7e7d7d1ec4bf-profile_image-300x300.png,0,streamer_images/NADIA.jpg
218,DEKKSTER,Dekkster,32547216,"Hello, I'm Dekkster. I play games.",https://static-cdn.jtvnw.net/jtv_user_pictures/13976657-917b-4b8e-8b6f-ef1a9487928d-profile_image-300x300.png,0,streamer_images/DEKKSTER.jpg
219,LILSIMSIE,lilsimsie,109809539,small sims girl (she/her),https://static-cdn.jtvnw.net/jtv_user_pictures/fca3adff-b0f8-4ddd-b001-f3d360b1d4d6-profile_image-300x300.png,0,streamer_images/LILSIMSIE.jpg
220,MIDNIGHTSUMO,MidnightSumo,51115394,"I commentate live pro sumo and amateur sumo on Twitch! I play Pokemon Kaizo content almost every weekday during the off-season. I also stream curated sumo and Japanese culture content during downtime. 30-something Canadian sumo fan, doing their best! Business: midnightsumo@duck.com ",https://static-cdn.jtvnw.net/jtv_user_pictures/66806ef2-24ca-4e48-9eff-58130356fe97-profile_image-300x300.png,0,streamer_images/MIDNIGHTSUMO.jpg
221,CYR,cyr,37522866,This. Is. Variety. Gaming. cyr@mythictalent.com ,https://static-cdn.jtvnw.net/jtv_user_pictures/41b88ab3-4624-4054-a60a-464ecb49af24-profile_image-300x300.png,0,streamer_images/CYR.jpg
222,ROLLINGLOUD,RollingLoud,241562355,The Greatest Hip Hop Festival but on your screen.,https://static-cdn.jtvnw.net/jtv_user_pictures/069b0dbc-d9a2-4c91-9864-3a7593d0a6df-profile_image-300x300.png,0,streamer_images/ROLLINGLOUD.jpg
224,ZWEBACKHD,zwebackhd,43650535,"Welcome to Kuntelton FC, a place for Mad Lads.",https://static-cdn.jtvnw.net/jtv_user_pictures/zwebackhd-profile_image-d77eb75fd3a8bad5-300x300.png,0,streamer_images/ZWEBACKHD.jpg
225,VEDAL987,vedal987,85498365,neuro-sama the ai vtuber,https://static-cdn.jtvnw.net/jtv_user_pictures/dd956f46-3776-4dfd-8bc3-e4f74c5ede67-profile_image-300x300.png,0,streamer_images/VEDAL987.jpg
226,DRUTUTT,Drututt,57131280,Im the guy that plays with silly custom skins and ranged top,https://static-cdn.jtvnw.net/jtv_user_pictures/78ade84d-edbc-47fa-a740-de76f6528379-profile_image-300x300.png,0,streamer_images/DRUTUTT.jpg
227,BOGUR,bogur,80093668,25 year old Overwatch refugee seeking shelter in Marvel Rivals. bogur@dulcedo.com - business,https://static-cdn.jtvnw.net/jtv_user_pictures/327bfaa6-68b5-40a5-9302-a9cb4393dfbf-profile_image-300x300.png,0,streamer_images/BOGUR.jpg
228,FAUX,Faux,40980097,"Streamer since 2013, Runescape player since 2002, US Army Veteran || Welcome to the Faux community, home of daily livestreams ft. sarcastic humor with an ounce of wholesomeness. Drop a follow and turn on notifications to join the family.",https://static-cdn.jtvnw.net/jtv_user_pictures/4201ac40-38b0-4eeb-80b9-647eacf19be3-profile_image-300x300.png,0,streamer_images/FAUX.jpg
229,KOKONUTS,KokoNuts,583268137,"im a cute, rude little shit | Business email: KokoNuts@mythictalent.com",https://static-cdn.jtvnw.net/jtv_user_pictures/9893d903-d78e-42fb-adaf-adb781b308e8-profile_image-300x300.png,0,streamer_images/KOKONUTS.jpg
230,TREY24K,Trey24k,119522206,i am not insane,https://static-cdn.jtvnw.net/jtv_user_pictures/a1b416de-d68f-4906-b49b-f5d1d8970101-profile_image-300x300.png,0,streamer_images/TREY24K.jpg
231,ASIANBUNNYX,asianbunnyx,503369631,"Floridian here , I am vietnamese/Japanese & french ; I trap alligators and using chimera fusion combined with the dark magician I will defeat all odds ! I stream artworks , games and varieties . Business inquiry :   Asianbunnyartist@gmail.com",https://static-cdn.jtvnw.net/jtv_user_pictures/3816d1df-e349-4cbe-aa1f-64f281d361cb-profile_image-300x300.png,0,streamer_images/ASIANBUNNYX.jpg
232,JANKOS,Jankos,6094619,"ONE OF THE FIRST PLAYERS TO TOUCH THE GAME, THE ABSOLUTE GOAT JUNGLER, UNDENIABLY DIRTY INTER",https://static-cdn.jtvnw.net/jtv_user_pictures/6ac8f214-a7f3-461f-8181-ce0c25fa4f04-profile_image-300x300.png,0,streamer_images/JANKOS.jpg
233,COCONUTB,CoconutB,56395702,"CoconutB streams Rust, My Pet Hooligan and Slotsr",https://static-cdn.jtvnw.net/jtv_user_pictures/0149120c-37ef-43ad-98e5-bb07bc7ea6ad-profile_image-300x300.png,0,streamer_images/COCONUTB.jpg
234,TOMATO,Tomato,43784278,Sometimes I do a thing here. It used to be somewhere else but now it's here again. Contact me through my assistant Katey at tomatoandbusiness@gmail.com,https://static-cdn.jtvnw.net/jtv_user_pictures/9755c8d0-1444-46c0-b19c-925ea3d1c7ae-profile_image-300x300.png,0,streamer_images/TOMATO.jpg
235,FAZESWAY,N/A,N/A,N/A,N/A,N/A,N/A
236,ITSKATCHII,itsKatchii,1093257262,"hey, it's katchii :) get it? it's catchy! ‚ô° e-mail: itskatchii@gmail.com",https://static-cdn.jtvnw.net/jtv_user_pictures/0598eca5-2333-4842-a623-4bf17c896bce-profile_image-300x300.png,0,streamer_images/ITSKATCHII.jpg
237,STEELMAGE,Steelmage,57317154,I play too much PoE,https://static-cdn.jtvnw.net/jtv_user_pictures/2a5df0da-86ea-4d5b-986f-e722c553405f-profile_image-300x300.png,0,streamer_images/STEELMAGE.jpg
238,KANONXO,KanonXO,69214305,Bilingual English & Korean content creator covering MMORPGS & ARPGS.  For VODS click on link to the right |  Business email: kanon@afkcreators.com,https://static-cdn.jtvnw.net/jtv_user_pictures/1df61d39-2f82-4d89-87c2-2c571a25ce5b-profile_image-300x300.png,0,streamer_images/KANONXO.jpg
239,FILIAN,filian,198633200,Welcome to my Vtuber alpha! Drop a follow to catch me live and join the discord! n_n~ üìßfilian@mythictalent.com,https://static-cdn.jtvnw.net/jtv_user_pictures/f75d4103-a265-4e21-88b5-44745fc1bf44-profile_image-300x300.png,0,streamer_images/FILIAN.jpg
240,TOWELLIEE,Towelliee,20694610,"Welcome to the Hammer Squad! Join one of the best gaming communities on Twitch! Special thanks to our long time supporters, all the gifted and prime subs. 15 years streaming and still going strong! Playing WoW and all the newest MMORPG's and ARPG's!",https://static-cdn.jtvnw.net/jtv_user_pictures/towelliee-profile_image-f9752afc441702cc-300x300.jpeg,0,streamer_images/TOWELLIEE.jpg
241,DERAJN,DeraJN,12943487,We're currently Snappin',https://static-cdn.jtvnw.net/jtv_user_pictures/099afce2-20d1-41b8-add1-dbee1edeb673-profile_image-300x300.png,0,streamer_images/DERAJN.jpg
242,EGGSTERR,eggsterr,453880006,Tiktoks finest player,https://static-cdn.jtvnw.net/jtv_user_pictures/d19bd428-ec06-4968-9c50-7b58a63d5cc1-profile_image-300x300.png,0,streamer_images/EGGSTERR.jpg
243,MICHIMOCHIEVEE,MichiMochievee,1057785822,Business Inquiries: bizdev@vshojo.com !! üíç,https://static-cdn.jtvnw.net/jtv_user_pictures/4a1e0bea-5fd4-474b-9953-afe1eff6e5ea-profile_image-300x300.png,0,streamer_images/MICHIMOCHIEVEE.jpg
244,GLADD,Gladd,81628627,"I'm just here to have a good time!  No drama and only smiles :) Life is good.  Oh yeah, my name is Sean.",https://static-cdn.jtvnw.net/jtv_user_pictures/9b4dc7ba-03d3-44d7-ab09-8528f7c8fc3b-profile_image-300x300.png,0,streamer_images/GLADD.jpg
245,LILAGGY,LilAggy,43204993,Simultaneously the best and worst video gamer you've ever seen,https://static-cdn.jtvnw.net/jtv_user_pictures/8a1a6870-2152-4a93-a316-00a9c8a12ae1-profile_image-300x300.png,0,streamer_images/LILAGGY.jpg
247,GRIMMI,Grimmi,703613222,"I escaped my house full of monsters and repressed emotions of the dead! Currently still living there due to ""the economy."" I also have a cat! :3 I play a lot of horror games! And I can do voices!",https://static-cdn.jtvnw.net/jtv_user_pictures/1998f1d0-692f-461b-ab5b-ac276c069e48-profile_image-300x300.png,0,streamer_images/GRIMMI.jpg
248,AUSTINSHOW,AustinShow,40197643,The Official Hub for The Austin Show. Hosted by Austin AKA Austin Show. Your home for reality TV based content & More. Scheduled shows are live at 4PM EST.,https://static-cdn.jtvnw.net/jtv_user_pictures/9e894c05-6131-4414-bf01-a65e9f88b13a-profile_image-300x300.png,0,streamer_images/AUSTINSHOW.jpg
249,M0XYY,m0xyy,69012069,hi ,https://static-cdn.jtvnw.net/jtv_user_pictures/c901b680-9876-4e67-826a-e141381628e5-profile_image-300x300.jpg,0,streamer_images/M0XYY.jpg
250,HISWATTSON,HisWattson,123182260,ALGS MVP | Former Rank 1 Apex Predator,https://static-cdn.jtvnw.net/jtv_user_pictures/65e86814-58a3-4774-88f7-9d0d9ca472a2-profile_image-300x300.png,0,streamer_images/HISWATTSON.jpg
251,DATMODZ,DatModz,24124090,Your Friendly Neighborhood Streamer-Man!,https://static-cdn.jtvnw.net/jtv_user_pictures/4eba575d-40ce-44bb-aaad-a7706d2cba78-profile_image-300x300.png,0,streamer_images/DATMODZ.jpg
252,MORTDOG,Mortdog,82373831,"I'm the Gameplay Director of Teamfight Tactics, working at Riot Games. This is a channel I do in my spare time to play and talk about TFT and answer questions from the community. Please note while this is not an official Riot Games channel, I am a Riot Games employee.",https://static-cdn.jtvnw.net/jtv_user_pictures/3d343952-6a17-4bcd-9dc1-97d199f8f5af-profile_image-300x300.png,0,streamer_images/MORTDOG.jpg
254,AGURIN,agurin,31545223,Daily entertainment on Twitch and YouTube specializing in jungle strategies.,https://static-cdn.jtvnw.net/jtv_user_pictures/3ca65c72-26bc-4fcb-878d-cc29d2f45bfe-profile_image-300x300.png,0,streamer_images/AGURIN.jpg
255,MONGRAAL,Mongraal,133705618,,https://static-cdn.jtvnw.net/jtv_user_pictures/d378b8b2-d06f-46df-a4e5-15e46c60e0b5-profile_image-300x300.jpeg,0,streamer_images/MONGRAAL.jpg
256,PGE4,pge4,86224100,Flow state in the bruh dimension,https://static-cdn.jtvnw.net/jtv_user_pictures/aacf30b5-349f-4246-a5a3-3d844bc3430b-profile_image-300x300.png,0,streamer_images/PGE4.jpg
257,THETYLILSHOW,Thetylilshow,682561320,Just vibe twin!,https://static-cdn.jtvnw.net/jtv_user_pictures/139f1f35-b594-40bf-85f0-03335d84c293-profile_image-300x300.png,0,streamer_images/THETYLILSHOW.jpg
258,DOUGDOUG,DougDoug,31507411,GOOD AT 2D PLATFORMERS,https://static-cdn.jtvnw.net/jtv_user_pictures/d5a25920-52f5-46c7-8031-39f838585b9c-profile_image-300x300.png,0,streamer_images/DOUGDOUG.jpg
259,KHANADA_,Khanada_,181258781,Professional fortnite player Business email khanada@dignitas.gg,https://static-cdn.jtvnw.net/jtv_user_pictures/7df543ca-10d4-49e5-8e8e-cfba989fc9e5-profile_image-300x300.png,0,streamer_images/KHANADA_.jpg
260,POBELTER,Pobelter,25080754,"3x LCS Champion Midlaner, League of Legends enjoyer since closed beta (2009). 27, Korean American, born/raised in Southern California. Hope you enjoy the stream! @paulbelter is my channel",https://static-cdn.jtvnw.net/jtv_user_pictures/73132e60-8583-4cfd-b3e9-d9b433bbeaa3-profile_image-300x300.png,0,streamer_images/POBELTER.jpg
261,NICEWIGG,NiceWigg,415954300,Welcome to the Brig. Want to be entertained? Youre at the right place. Content for @100Thieves @riddleorder,https://static-cdn.jtvnw.net/jtv_user_pictures/a10b288f-886d-4cc5-b406-9f42213dadb4-profile_image-300x300.png,0,streamer_images/NICEWIGG.jpg
