Rank,Name
1,KAICENAT
2,CAEDREL
3,ZACKRAWRR
4,JYNXZI
5,HASANABI
6,PLAQUEBOYMAX
7,CASEOH_
9,SUMMIT1G
14,TIMTHETATMAN
15,LACY
16,AMINEMATUE
17,PIKABOOIRL
18,STABLERONALDO
19,XQC
20,TARIK
21,OHNEPIXEL
22,JASONTHEWEEN
23,YOURRAGEGAMING
25,VALKYRAE
26,MIZKIF
27,SHROUD
28,LIRIK
29,THEBAUSFFS
33,GRUBBY
34,EMIRU
35,GORGC
36,MOONMOON
37,LOLTYLER1
38,NECROS
39,ADAPT
41,QUIN69
42,CLIX
43,S1MPLE
44,TENZ
46,PIRATESOFTWARE
47,EMONGG
48,FANUM
49,ELAJJAZ
50,ARTEEZY
51,FORSEN
52,IRONMOUSE
53,SODAPOPPIN
54,LUDWIG
56,PONTIACMADEDDG
57,LORD_KEBUN
58,CINNA
60,NORTHERNLION
61,SUPERTF
64,MIRA
66,COHHCARNAGE
67,QUICKYBABY
68,JERMA985
69,SINATRAA
70,CDAWGVA
71,GINGITV
72,MAXIMILIAN_DOOD
73,IMPERIALHAL__
74,RDCGAMING
75,PENTA
77,ANGRYGINGE13
78,WARFRAME
79,AGENT00
80,MARVELRIVALS
81,MOODA
82,XARYU
83,ZENTREYA
84,SIMURGH
86,REKKLES
87,THEBURNTPEANUT
88,FLATS
89,LYDIAVIOLET
90,BARBAROUSKING
91,LOL_NEMESIS
92,PAYMONEYWUBBY
93,ITSSPOIT
94,TUBBO
95,FAXUTY
96,SILKY
97,JINNYTTY
98,AUZIOMF
99,JAYCINCOO5
100,NMPLOL
101,LVNDMARK
102,TECTONE
103,KAYSAN
104,HUTCHMF
105,NICKMERCS
106,MISSMIKKAA
107,KYOOTBOT
108,ARKY
109,SYLVEE
110,VINESAUCE
111,SINGSING
112,YUGI2X
113,ROBCDEE
115,DOUBLELIFT
116,GENESISGG
117,STREAMINGITALIAPERTE
118,FERRETSOFTWARE
119,GAMESDONEQUICK
120,XQN_THESAD
121,SHANKS_TTV
123,39DAPH
124,AHMPY
125,EXTRAEMILY
126,RUNTHEFUTMARKET
127,ZIQOFTW
128,T90OFFICIAL
129,MRSAVAGE
130,REALZBLUEWATER
131,INSYM
135,HAPPYHAPPYGAL
136,NL_KRIPP
137,GLORIOUS_E
138,SUBROZA
139,DAKILLZOR
140,UNBOXHOLICS
141,DISTORTION2
142,SUNGLITTERS
143,GUZU
144,AZTECROSS
145,SQUEEX
146,ACEU
147,NINJA
148,FROGGEROW
149,OTZDARVA
150,TIMTHETATMANVODS
151,ANNIEFUCHSIA
153,K3SOJU
154,HITSQUADGODFATHER
156,THE_HAPPY_HOB
157,AYDAN
158,VELJA_LOL
159,IWDOMINATE
160,JOE_BARTOLOZZI
161,RICCI
162,ZOOMAA
163,HENYATHEGENIUS
164,BROXAH
166,PAYO
167,NIKOLARN
168,KYEDAE
169,POKIMANE
170,TEEGRIZZLEY
171,FATHER_JIMMY_
172,RDULIVE
173,ESFANDTV
174,SMOKE
175,CLAUDEPLAYSPOKEMON
176,QOJQVA
177,ML7SUPPORT
178,ROBINSONGZ
179,WILLNEFF
180,UFDTECH
181,BELLARAMATV
183,LACARI
184,ZIZARAN
185,FUBGUN
186,SKILL4LTU
187,FOBM4STER
188,SYKKUNO
189,OLDSCHOOLRS
190,SYMFUHNY
191,XOP0
192,CENTRAL_COMMITTEE
193,MAR3LG
194,DULZURAMALDITA
195,SCUMP
196,SEQUISHA
197,CHILLEDCHAOS
198,NADESHOT
199,FL0M
201,FAIDE
202,IM_DONTAI
204,JOKERDTV
205,JEEFHS
206,KKATAMINA
207,WARTHUNDER_ESPORTS
208,2XRAKAI
209,ALVEUSSANCTUARY
210,PREMIERTWO
211,OFFICERMESSER
212,NEUU
214,FRODAN
215,ADMIRALBAHROO
216,DOGDOG
217,NADIA
218,DEKKSTER
219,LILSIMSIE
220,MIDNIGHTSUMO
221,CYR
222,ROLLINGLOUD
224,ZWEBACKHD
225,VEDAL987
226,DRUTUTT
227,BOGUR
228,FAUX
229,KOKONUTS
230,TREY24K
231,ASIANBUNNYX
232,JANKOS
233,COCONUTB
234,TOMATO
235,FAZESWAY
236,ITSKATCHII
237,STEELMAGE
238,KANONXO
239,FILIAN
240,TOWELLIEE
241,DERAJN
242,EGGSTERR
243,MICHIMOCHIEVEE
244,GLADD
245,LILAGGY
247,GRIMMI
248,AUSTINSHOW
249,M0XYY
250,HISWATTSON
251,DATMODZ
252,MORTDOG
254,AGURIN
255,MONGRAAL
256,PGE4
257,THETYLILSHOW
258,DOUGDOUG
259,KHANADA_
260,POBELTER
261,NICEWIGG
263,MATHIL1
264,CUEVANATV_
265,OATLEY
266,TEEPEE
267,LOEYA
268,LPLENGLISH
269,YODATV
270,SUREFOUR
271,PETERPARK
272,MARYMAYBE
273,DASMEHDI
274,TGLTN
275,JOSHSEKI
276,WIRTUAL
277,TOBIASFATE
278,IMAQTPIE
281,CAMY
282,SKERMZ
284,STRIPPIN
285,CASEOH247
286,SHYLILY
287,ALPHAKEP
288,JAY3
289,SAYU
290,GEEGA
291,SLIGGYTV
292,DEZGAMEZ
293,POKELAWLS
294,ZY0XXX
295,WILLERZ
298,NLCLOL
299,DESHAEFROST
300,CHIBIDOKI
301,UBERHAXORNOVA
302,CROWNIE_LOL
303,FIFAKILLVIZUALZ
304,BOXBOX
305,FUSLIE
306,K1M6A
307,DOLPHINCHEMIST
309,AUSLOTS
311,MRLUST
312,SHOTZZY
313,PILINAGAMER
314,AVOIDINGTHEPUDDLE
315,JENAZAD
316,TEAMFIGHTTACTICS
317,BAWKBASOUP
318,SAINTONE
319,SHROOD
320,DANSGAMING
321,LIRIK_247
322,DOROZEA
323,BOBROSS
324,BOBBYPOFFGAMING
325,FANFAN
326,KNUT
327,LIMEALICIOUS
328,VELCUZ
329,ATRIOC
330,SUPERJJ102
331,CAROLINEKWAN
332,STOOPZZ
333,DENDI
334,QTCINDERELLA
335,DIAZBIFFLE
336,RUGAAL
337,ESKAY
338,SWAGG
339,THEWHELPS
340,NASA
342,YUGIOH_OFFICIAL
343,POKEMON
345,GIANTWAFFLE
346,NIGHTBLUE3
347,W33HAA
348,IBABYRAINBOW
349,OLIVIAMONROE
350,MR_MAMMAL
351,EMILYYWANG
353,DIMA_WALLHACKS
354,SAVIX
355,DENIMS
356,JUNGROAN
357,MRPOKKE
358,IATEYOURPIE
359,POSTY
360,STOKES
361,STANKRAT
362,SONYSANDIEGOSTUDIO
363,JUICYJOHNS
365,SETSUKO
366,VENOFN
367,CAMUCHITAGAMER
368,GRIMMMZ
369,MMORPG
370,A_SEAGULL
371,CODMIS_INGNAME
372,DEADLYSLOB
373,LVTHALO
374,HEXY
375,SNEAKYLOL
376,SMALLANT
377,GERNADERJAKE
378,GRIMM
379,DKAYED
380,IITZTIMMY
381,GMHIKARU
382,ONIGIRI
383,NYMN
384,AHLAUNDOH
385,KURT0411
386,TIMMAC
387,AZRA
388,MOISTCR1TIKAL
389,NICKEH30
390,EMILYCC
391,BACK2WARCRAFT
392,TYRONE
393,HYYJOE
394,SINATRAAVOD
395,ROFLGATOR
396,BOXYFRESH
397,YOUNGDABO
398,MIDBEAST
399,LUALITY
400,RIFFTRAX
401,OLDTIMERSTV
402,MDSWERVIN
403,BURKEBLACK
405,PEETTKO
406,STOMPGOAT
408,DINO_XX
409,IJENZ
410,COMMANDERX
411,TJNV
412,JOEYKAOTYK
413,ANDERSONJPH
414,SAJAM
415,HPDUKETV
416,ARIELLE
417,DISGUISEDTOAST
418,HENS333
419,GOSU
420,MASAYOSHI
421,SARENEWILD
422,STEWIE2K
423,ALPHARAD
424,ANTHONY_KONGPHAN
425,AURATEUR
426,FLIGHT23WHITE
427,D1DOTNAYAH
428,HOTBEATSTV
429,LORDHANSCAPON
430,REZREEL
431,CALEBHART42
433,BIGPUFFER
434,CRITICALROLE
435,TRITONPOKER
436,SMITTYSTONE
437,ANDR3WOW
438,ARIASAKI
439,HEATONCS
440,KESHAEUW
441,CAPTAINLANCE9
442,ROBTHEMASTER1
443,RAXXANTERAX
445,LIMMY
446,KINGGOTHALION
447,GRAYCEN
449,PATHOFEXILE
450,SPEAR_SHOT
451,GEOGUESSR
452,KYR_SP33DY
454,SOMMERSET
455,TFBLADE
456,FROGGEN
457,CROKEYZ
458,KITBOGA
459,CHATTERBOX
460,VALORANT_NORTHAMERICA
461,MAYA
462,TEAMCAPTAIN001
463,CODEMIKO
464,ALINITY
465,MITCHJONES
466,BWIPOLOL
467,DISHSOAP
468,COOPERTV
469,REM_WONG
470,CRIKEN
471,REETLOL
472,FAIRLIGHT_EXCALIBUR
473,THERUNNINGMANZ
474,JINNAAII
475,CRREAM
476,JEFFHOOGLAND
477,CASINODADDY
478,CHESSBRAH
479,SHEEFGG
480,ZOESPENCER_
481,WEHOOPINX
482,THIEFS
483,REALDWICK
484,NYKCHAZZA
485,MCCONNELLRET
486,IMFIREDUP
487,MORGPIE
488,DADDYDIMMUTV
489,ABDULHD
490,QUARTERJADE
491,FUNNYMIKE
492,MATARAKAN
493,COHH
494,MARI
495,BENJYFISHY
496,THEJRM_
497,SHARONQUEEN
498,SCHLATT
499,CDNTHE3RD
500,KYLE
501,KAUANZLNRJ
502,LEEKBEATS
503,CHOCOTACO
504,SALTYDOLPHIN
505,KENJI
506,GOLDENIUMS
507,RUETOO
508,PEZZZY
509,TPAIN
510,DEEMONRIDER
511,SHXTOU
512,JOHNSTONE
513,DARTHMICROTRANSACTION
514,LOBANJICAA
515,LAYNALAZAR
517,NORAEXPLORER
518,XHOCII
519,AREX
520,KEEOH
522,DEMON1
523,LFTOXY_VAL
524,THESKETCHREAL
525,BUFFPUP
526,REPULLZE
527,HOLLYREX
528,EMPYRIANGAMING
529,BTMC
530,BOTEZLIVE
531,LOUUIS
532,THESTOCKGUY
533,JAKENBAKELIVE
534,BUGS
535,HUNGRYBOX
536,SORABLS
537,BBNOGAMES
538,DAN_DODGER
539,ASMODAITV
540,EREKLO_GAME
541,TOMMYKAYLIVE
542,DUBUDOTA
543,MAJINPHIL
544,PROSPERING
546,SILVERVALE
547,LUCKYCHAMU
548,JAWGEMO
549,BENJAMIN_BUCKS
550,THEPRIMEAGEN
551,KWOLI
552,VIPER
553,DIZZYKITTEN
554,DNMDOTA
555,MATIMI0
556,NIXSTAH
557,SANCHOVIES
558,DANUCD
559,REDBEARD
560,TLEYDS
562,DINOSSINDGEIL
563,THIJIHIGURI
564,ITMEJP
565,WAVYGOCRAZY_
566,MURDERCRUMPET
567,BENFRUIT
568,FANDY
570,ALFIE
571,RAGEE
572,KATTPACCINO
573,OILRATS
574,STREAMERHOUSE
576,HARUKAKARIBU
577,SHOTZ
578,POLICECHASENETWORK
579,JULIAKINS
581,OLOFMEISTER
582,HUMZH
583,DRLUPO
584,DANTES
585,JAYSTAYUP
586,DESMONDPILAK
587,TAXI2G
588,COURAGEJD
589,VLADILOL_
590,LOWTIERGOD
591,CREAMTHERABBIT
592,VICTORIA
593,RAY__C
594,SQUCHAN
595,DARKVIPERAU
596,CAPP
597,SCARRA
598,ROCKYKRAMER
599,ITGIRL
600,ITSRYANHIGA
601,AKANEMSKO
602,FEINBERG
603,ITSWILL
604,LEEANDLIE
605,DAKOTAZ
606,CHRISMELBERGER
607,TINAKITTEN
608,HELLO_KIKO
609,JOSHUASCHMIDTYGO
610,SARUEI
612,BAALORLORD
613,ZENRLL
614,WAKEWILDER
615,MEERESTV
616,JABRONI_MIKE
617,LULULUVELY
618,RYUQUEZACOTL
619,GOD_QUTOR
620,AIRCOOL
622,WATERLYNN
624,SKYTE
625,SILLYANNE
626,AUTOSPEED
627,EROBB221
628,HORRORPUB
629,SYPHERPK
630,MASONDOTA2
631,ELLY
632,PIEFACE23
633,FINALFANTASYXIV
634,MELTISLIVE
635,LEYNAINU
636,NIYAADENEE
637,ARI_N3KO
638,SIPS_
639,GERMAN_INTELLIGENCE
640,CHICA
642,SMII7Y
643,DEANSOCOOL
644,TRU3TA1ENT
645,KRAGIEE
646,MONTANATONY92
647,WEAK3N
648,DASHDUCKS
649,SQUISHYMUFFINZ
650,RAMEE
651,RDCWAITINGROOM_
652,THORLAR
653,ANNY
654,GINGY
655,MISTERARTHER
656,XCHOCOBARS
657,THIJS
658,CEREMOR
659,RATEDEPICZ
663,NIHMUNE
664,ARROWCS
665,SCRIPE
666,HUSKERRS
667,SWEETILY
668,CAMILA
669,HERA
670,VIDEOGATE
671,KEANELOL
672,PESTILY
673,STUDYTME
675,ZFG1
676,VADER
677,RTGAME
678,TRICKYWI
679,SLAAAL
680,CDEWX
681,YUSUF7N
682,YOURFRIENDKYLE
683,YUZU
684,ILUMPE
685,METHODZ
686,3POINT5
687,GREMLOE
688,DUNKORSLAM
689,THEMRSARK
690,DGTHE99
691,BEN_
692,TIMMY2CANS
693,THECHIEF1114
694,DROPPED
695,KURUMX
696,HEIS
697,KAYJII
698,RETROLONGPLAY
699,TROTTAH
700,THEMAINMANSWE
701,VERHULST
702,ACIE
703,MST3K
704,PREACHLFW
705,VENRUKI
706,MOOSEBROTHER
707,FLORRYWORRY
708,ROGUE
709,NOIRPUB
710,BBREADMAN
711,CASHNASTYGAMING
712,BEASTYQT
714,JINGGGXD
715,STORMFALL33
716,WHAAZZ
717,SHIBUYA_KAHO
718,CCT_CS3
719,LOURLO
720,LOBOSJR
721,RENYAN
722,ZEMIE
723,RAKATTACK
724,WENDOLYNORTIZZ
725,CERBERVT
726,TRIPLELIFT
727,AYRUN
728,SMUGALANA
729,ANNACRAMLING
730,MAXYLOBES
731,BATMANBUGHA
732,KOTTON
733,ORZANEL
734,CONEY
735,JULIEN
736,OHTOFU
737,MAX_FEWTRELL
738,HOLLYWOODBOB
739,IFROSTBOLT
740,SPEROS
741,BINKS
742,SHAHZAM
744,BIGBOSSBOZE
745,ZOIL
746,CELLOFRAG
747,SNEEGSNAG
748,GASSYMEXICAN
749,DAFRAN
750,ZPAPZ
751,BUNNYAYU
752,NAGUURA
754,IMPULSESV
755,AIRIESUMMER
756,PALSTERON
757,KALEI
758,MIRA004
759,KINGWOOLZ
760,PRED
761,JALEN
762,DEEDGE_LIVE
763,LILYPICHU
764,PHILZA
765,FALLENSHADOW
766,SOULESS
767,ALBRALELIE
768,JAYLEETO
770,NEZBA
771,BUSTIN
772,GALAXY_BATTLE_CSTV
773,ECDYCIS
774,BIGORANGECOUCH
776,OATSNGOATS
777,ZORGO_HS
778,SHADYBUNNY
779,SLATER
780,LIZZ
781,FOXENKIN
782,CUTEDOG_
783,ROFFLE
784,DOOLEYNOTED
785,JAYUNMATCHED
786,DMONTETV
787,HISWATTSON247
788,ORDINARYHARRY
789,EZEKIEL_III
790,DATTO
791,POKEMONTCG
792,AXIALMATT
793,PROJEKTMELODY
794,KUSHLUL
795,LILPUMPWORLD
796,ALKAIZERX
797,LARS_TM
798,DRGLUON
799,SINO224
800,SKIESTI
801,CASTRO_1021
802,BAO
803,MARINEMAMMALRESCUE
804,TIMOTHYRANDY
806,GROMNAK
807,AUTERU
808,FLIIQZY
809,COLTHAVOK
810,RATIRL
811,SASHAGREY
812,MEDITORIUM
813,DS_LILY
814,MACAW45
815,TRICK2G
816,POHX
817,HACHUBBY
818,SUNSETGAIAASMR
819,NAGZZ21
820,OLDESTA74
821,BADBOYHALO
822,GOTHAMCHESS
823,PINKWARDLOL
824,KARQ
825,DEEDS
826,RAINHOE
827,KANEKOLUMI
828,TMINNZY
829,COACHBOOP
830,ESAMARATHON
831,PARKENHARBOR
832,DANGHEESLING
833,MRNOBODY506TV
834,ALLSTARS_USA
835,SOVIETWOMBLE
836,COOKSUX
837,POLOLEET
838,GDOLPHN
839,KNIGHTLIGHT
840,SPRAGGY
842,COURIWAY
843,CHEEZ
844,TBVNKS
845,SOLARBACCA
847,ELLUM
849,SAIIREN
850,MOONBTCH
851,ZYRO
852,DUNKSTREAM
853,F0REST
854,LASVEGASVP
855,AMAZONMUSIC
856,SADI
857,FLATSTWO
858,MUTEX
859,ALBYAROUND
861,STARCITYGAMES
862,BOBBYRAYGRAY
863,DORKI
864,KARASMAI
865,TAMPANEVERSLEEPS
866,GENBURTEN
867,GHOSTIEXUWU
868,SARDACO
869,LINNY
870,LAVA_FLAME2
871,DRIPP
872,LUCYPYRE
873,NICHOLASLIGHTTV
874,NOODLEWOLFVT
875,MEMBTV
876,SIMPLY
877,ROBBAZ
878,CLIOAITE
879,LYASYAA
880,ZETARK
881,WUDIJO
882,IKUMI
883,AZUDIPALMA
884,CYYUVTUBER
885,SNAKE_EYEZ_
886,AIDANBEANS
887,BLUE_SQUADRON
888,JOHNPAL
889,DANGHEESLINGTV
890,POKEMONGO
891,CHODIE
892,JOEWO
893,MARO203X
894,MACIEJAY
895,SWEET_ANITA
896,PHUZZYBOND
898,HELENASUPREMACY
899,ELLYEN
900,EMJAYPLAYSS
901,GINOMACHINO
902,SUBROZAVOD
903,SNUFFY
904,HYPERRATTV
905,KIRATANK_TV
906,YEKINDAR
907,ATTURSSON
908,DIEGOSAURS
909,MRLLAMASC
910,JOSHRICHARDS
911,NOTMES
912,KIRSCHE
913,EDYLAHYMO
914,SALTYBET
915,CLOAKZY
916,BORASLEGEND
917,ROOSTEENI
918,RALLIED
919,PORCELAINMAID
920,OZYFALLZ
921,ELLVO
922,MATTMALONE
923,OUTERHEAVEN
924,YOUGELLY
927,SIRHCEZ
928,SPAMMIEJ
929,ICEMATTY
930,KASTACLYSM
931,NITENIGHTKID
932,KRAANDOP
934,RUSH
935,VINCENNT
936,MANG0
939,SAMWITCH
940,DAVE_AOE
941,KINGBENDRICK
942,A_BIG_KOKO
943,COBALTSTREAK
944,HIKO
945,MRGIBBON
946,PAULBELTER
947,KINDAFUNNYGAMES
948,AUTOLYKUSLOL
949,LEXIAV
950,JOSHOG
951,ASHLIZZLLE
952,DUMBDOG
953,GORATHA
954,MARIMARI_EN
955,HCJUSTIN
956,OMARELOFF
957,PEWDIEPIE
958,WORSTPREMADEEVER
959,GRIZZY
960,SHENPAI
961,VARGSKELETHOR
962,KEPHRII
963,JERICHO
964,SIRPINEAPPLE
965,FRAGNANCE
966,GHAZZYTV
967,BRAWLPRO
968,SIRIUSXTREAMTV
969,NOHANDSGAMER
970,DEVIN_CAHERLY
971,ALOIS_NL
972,IGUMDROP
973,IDDQD
974,CHARBORG
975,PEKEASMR
976,LIGHTORIAS
977,ELINA
978,MELLOOOW_
979,MATTP1TOMMY
980,SRFRATELLO
981,JUSTKETH
982,ITSALL4REAL
983,FAKYRAXOXO
984,W0N23
985,KRUZADAR
987,HITBOTC
988,MITCHRIZ
989,ASTRALSPIFF
990,ZAJEF77
991,RAMEZ05
993,BICEPTIMUSPRIME
994,JOHNNYBOI_I
996,TARZANED
997,YAMATOCANNON
998,JYNXZIOFFLINE_
1000,EMSTROGEN
